{
  "explained_variance": 0.9755853817228269,
  "fraction_var_unexplained": 0.024414618277173058,
  "mse": 72.77330717266788,
  "cosine_similarity": 0.9414100775738892,
  "activation_sparsity_l0": 0.003472222222222222,
  "weight_sparsity": 4.8978828999679536e-05,
  "dead_features_pct": 0.1520724826388889,
  "dead_features_count": 2803,
  "total_latents": 18432,
  "eval_dataset": "GAIR/lima",
  "model": "HuggingFaceTB/SmolLM2-135M",
  "layer": 25,
  "sae_train_dataset": "EQ",
  "sae_token_size": "419M",
  "sae_expansion_factor": 32,
  "sae_k_value": 64,
  "sae_checkpoint_name": "smollm2-sparsify-EQ-419M-token-6_25-layers-32-expansion-64-k/layers.25"
}