{
  "explained_variance": 0.9833852337684029,
  "fraction_var_unexplained": 0.0166147662315971,
  "mse": 43.983813089821325,
  "cosine_similarity": 0.9552348061938662,
  "activation_sparsity_l0": 0.0020833333333333333,
  "weight_sparsity": 4.438612450030632e-05,
  "dead_features_pct": 0.29612630208333335,
  "dead_features_count": 9097,
  "total_latents": 30720,
  "eval_dataset": "datablations/c4-filter-small",
  "model": "HuggingFaceTB/SmolLM2-360M",
  "layer": 25,
  "sae_train_dataset": "PRE",
  "sae_token_size": "249M",
  "sae_expansion_factor": 32,
  "sae_k_value": 64,
  "sae_checkpoint_name": "smollm2#360M-sparsify-PRE-249M-token-6_25-layers-32-expansion-64-k/layers.25"
}