{
  "explained_variance": 0.9468227109508078,
  "fraction_var_unexplained": 0.05317728904919221,
  "mse": 158.50697097340418,
  "cosine_similarity": 0.8273243287458341,
  "activation_sparsity_l0": 0.013888886077184713,
  "weight_sparsity": 0.00016615126514807343,
  "dead_features_pct": 0.10980902777777778,
  "dead_features_count": 506,
  "total_latents": 4608,
  "eval_dataset": "GAIR/lima",
  "model": "HuggingFaceTB/SmolLM2-135M",
  "layer": 25,
  "sae_train_dataset": "lmsys",
  "sae_token_size": "419M",
  "sae_expansion_factor": 8,
  "sae_k_value": 64,
  "sae_checkpoint_name": "smollm2-sparsify-lmsys-419M-token-6_25-layers-8-expansion-64-k/layers.25"
}