{
  "explained_variance": 0.913166322566663,
  "fraction_var_unexplained": 0.086833677433337,
  "mse": 1.566706191423244,
  "cosine_similarity": 0.9572328270894118,
  "activation_sparsity_l0": 0.003472109754055212,
  "weight_sparsity": 3.43793690262828e-05,
  "dead_features_pct": 0.04953342013888889,
  "dead_features_count": 913,
  "total_latents": 18432,
  "eval_dataset": "GAIR/lima",
  "model": "HuggingFaceTB/SmolLM2-135M",
  "layer": 6,
  "sae_train_dataset": "PRE",
  "sae_token_size": "249M",
  "sae_expansion_factor": 32,
  "sae_k_value": 64,
  "sae_checkpoint_name": "smollm2-sparsify-PRE-249M-token-6_25-layers-32-expansion-64-k/layers.6"
}