{
  "explained_variance": 0.9072720847239896,
  "fraction_var_unexplained": 0.0927279152760104,
  "mse": 1.8209333645173065,
  "cosine_similarity": 0.9504304125653107,
  "activation_sparsity_l0": 0.0034718807586290473,
  "weight_sparsity": 3.4567750844871625e-05,
  "dead_features_pct": 0.0661349826388889,
  "dead_features_count": 1219,
  "total_latents": 18432,
  "eval_dataset": "datablations/c4-filter-small",
  "model": "HuggingFaceTB/SmolLM2-135M",
  "layer": 6,
  "sae_train_dataset": "lmsys",
  "sae_token_size": "249M",
  "sae_expansion_factor": 32,
  "sae_k_value": 64,
  "sae_checkpoint_name": "smollm2#360M-sparsify-lmsys-249M-token-6_25-layers-32-expansion-64-k/layers.6"
}