{
  "explained_variance": 0.9847629062540855,
  "fraction_var_unexplained": 0.01523709374591453,
  "mse": 53.10145398419806,
  "cosine_similarity": 0.9565428971799105,
  "activation_sparsity_l0": 0.006944444444444444,
  "weight_sparsity": 2.8633778129005805e-05,
  "dead_features_pct": 0.15928819444444445,
  "dead_features_count": 1468,
  "total_latents": 9216,
  "eval_dataset": "datablations/c4-filter-small",
  "model": "HuggingFaceTB/SmolLM2-135M",
  "layer": 25,
  "sae_train_dataset": "lmsys",
  "sae_token_size": "50M",
  "sae_expansion_factor": 16,
  "sae_k_value": 64,
  "sae_checkpoint_name": "smollm2-sparsify-lmsys-50M-token-6_25-layers-16-expansion-64-k/layers.25"
}