{
  "explained_variance": 0.9335502503711829,
  "fraction_var_unexplained": 0.06644974962881711,
  "mse": 1.1989269283443194,
  "cosine_similarity": 0.966508209343164,
  "activation_sparsity_l0": 0.0034721903562415692,
  "weight_sparsity": 3.249556903028861e-05,
  "dead_features_pct": 0.050347222222222224,
  "dead_features_count": 928,
  "total_latents": 18432,
  "eval_dataset": "GAIR/lima",
  "model": "HuggingFaceTB/SmolLM2-135M",
  "layer": 6,
  "sae_train_dataset": "PRE",
  "sae_token_size": "124M",
  "sae_expansion_factor": 32,
  "sae_k_value": 64,
  "sae_checkpoint_name": "smollm2-sparsify-PRE-124M-token-6_25-layers-32-expansion-64-k/layers.6"
}