{
  "explained_variance": 0.9800951059261108,
  "fraction_var_unexplained": 0.01990489407388913,
  "mse": 44.53178690341328,
  "cosine_similarity": 0.953580448004641,
  "activation_sparsity_l0": 0.0020833333333333333,
  "weight_sparsity": 4.438612450030632e-05,
  "dead_features_pct": 0.23587239583333333,
  "dead_features_count": 7246,
  "total_latents": 30720,
  "eval_dataset": "GAIR/lima",
  "model": "HuggingFaceTB/SmolLM2-360M",
  "layer": 25,
  "sae_train_dataset": "PRE",
  "sae_token_size": "249M",
  "sae_expansion_factor": 32,
  "sae_k_value": 64,
  "sae_checkpoint_name": "smollm2#360M-sparsify-PRE-249M-token-6_25-layers-32-expansion-64-k/layers.25"
}