{
  "explained_variance": 0.7713251946543888,
  "fraction_var_unexplained": 0.22867480534561127,
  "mse": 4.125890368198658,
  "cosine_similarity": 0.8720075615924893,
  "activation_sparsity_l0": 0.013888888888888888,
  "weight_sparsity": 0.000486397446366027,
  "dead_features_pct": 0.016927083333333332,
  "dead_features_count": 78,
  "total_latents": 4608,
  "eval_dataset": "GAIR/lima",
  "model": "HuggingFaceTB/SmolLM2-135M",
  "layer": 6,
  "sae_train_dataset": "PRE",
  "sae_token_size": "249M",
  "sae_expansion_factor": 8,
  "sae_k_value": 64,
  "sae_checkpoint_name": "smollm2-sparsify-PRE-249M-token-6_25-layers-8-expansion-64-k/layers.6"
}