{
  "explained_variance": 0.7843306162923144,
  "fraction_var_unexplained": 0.21566938370768565,
  "mse": 4.235181771629997,
  "cosine_similarity": 0.8711377200356966,
  "activation_sparsity_l0": 0.01388887219140267,
  "weight_sparsity": 0.000368094741133973,
  "dead_features_pct": 0.019965277777777776,
  "dead_features_count": 92,
  "total_latents": 4608,
  "eval_dataset": "datablations/c4-filter-small",
  "model": "HuggingFaceTB/SmolLM2-135M",
  "layer": 6,
  "sae_train_dataset": "lmsys",
  "sae_token_size": "249M",
  "sae_expansion_factor": 8,
  "sae_k_value": 64,
  "sae_checkpoint_name": "smollm2-sparsify-lmsys-249M-token-6_25-layers-8-expansion-64-k/layers.6"
}