{
  "explained_variance": 0.9673258069651202,
  "fraction_var_unexplained": 0.03267419303487986,
  "mse": 113.86995360435384,
  "cosine_similarity": 0.8870876849100017,
  "activation_sparsity_l0": 0.013888888888888888,
  "weight_sparsity": 0.00037412290112115443,
  "dead_features_pct": 0.12760416666666666,
  "dead_features_count": 588,
  "total_latents": 4608,
  "eval_dataset": "datablations/c4-filter-small",
  "model": "HuggingFaceTB/SmolLM2-135M",
  "layer": 25,
  "sae_train_dataset": "lmsys",
  "sae_token_size": "249M",
  "sae_expansion_factor": 8,
  "sae_k_value": 64,
  "sae_checkpoint_name": "smollm2-sparsify-lmsys-249M-token-6_25-layers-8-expansion-64-k/layers.25"
}