{
  "explained_variance": 0.9269170399762279,
  "fraction_var_unexplained": 0.07308296002377207,
  "mse": 1.3186073576658486,
  "cosine_similarity": 0.9628974342739322,
  "activation_sparsity_l0": 0.0069444402268881815,
  "weight_sparsity": 3.014081812580116e-05,
  "dead_features_pct": 0.026909722222222224,
  "dead_features_count": 248,
  "total_latents": 9216,
  "eval_dataset": "GAIR/lima",
  "model": "HuggingFaceTB/SmolLM2-135M",
  "layer": 6,
  "sae_train_dataset": "PRE",
  "sae_token_size": "50M",
  "sae_expansion_factor": 16,
  "sae_k_value": 64,
  "sae_checkpoint_name": "smollm2-sparsify-PRE-50M-token-6_25-layers-16-expansion-64-k/layers.6"
}