{
  "explained_variance": 0.983958998355515,
  "fraction_var_unexplained": 0.01604100164448501,
  "mse": 55.903090460298785,
  "cosine_similarity": 0.9594031928397672,
  "activation_sparsity_l0": 0.003472222222222222,
  "weight_sparsity": 3.014081812580116e-05,
  "dead_features_pct": 0.2031792534722222,
  "dead_features_count": 3745,
  "total_latents": 18432,
  "eval_dataset": "datablations/c4-filter-small",
  "model": "HuggingFaceTB/SmolLM2-135M",
  "layer": 25,
  "sae_train_dataset": "lmsys",
  "sae_token_size": "124M",
  "sae_expansion_factor": 32,
  "sae_k_value": 64,
  "sae_checkpoint_name": "smollm2#360M-sparsify-lmsys-124M-token-6_25-layers-32-expansion-64-k/layers.25"
}