{
  "explained_variance": 0.995881192500599,
  "fraction_var_unexplained": 0.004118807499401006,
  "mse": 8.408873828056587,
  "cosine_similarity": 0.9140267053055094,
  "activation_sparsity_l0": 0.002083246732844736,
  "weight_sparsity": 4.465739039005712e-05,
  "dead_features_pct": 0.16988932291666667,
  "dead_features_count": 5219,
  "total_latents": 30720,
  "eval_dataset": "GAIR/lima",
  "model": "HuggingFaceTB/SmolLM2-360M",
  "layer": 6,
  "sae_train_dataset": "PRE",
  "sae_token_size": "249M",
  "sae_expansion_factor": 32,
  "sae_k_value": 64,
  "sae_checkpoint_name": "smollm2#360M-sparsify-PRE-249M-token-6_25-layers-32-expansion-64-k/layers.6"
}