{
  "explained_variance": 0.926077889426821,
  "fraction_var_unexplained": 0.07392211057317899,
  "mse": 1.4516366200789952,
  "cosine_similarity": 0.9600670517387978,
  "activation_sparsity_l0": 0.0034721635027290193,
  "weight_sparsity": 3.0517578125e-05,
  "dead_features_pct": 0.06293402777777778,
  "dead_features_count": 1160,
  "total_latents": 18432,
  "eval_dataset": "datablations/c4-filter-small",
  "model": "HuggingFaceTB/SmolLM2-135M",
  "layer": 6,
  "sae_train_dataset": "lmsys",
  "sae_token_size": "124M",
  "sae_expansion_factor": 32,
  "sae_k_value": 64,
  "sae_checkpoint_name": "smollm2#360M-sparsify-lmsys-124M-token-6_25-layers-32-expansion-64-k/layers.6"
}