{
  "explained_variance": 0.9815470034354418,
  "fraction_var_unexplained": 0.01845299656455818,
  "mse": 64.30891377866486,
  "cosine_similarity": 0.9438337197456128,
  "activation_sparsity_l0": 0.013888888888888888,
  "weight_sparsity": 3.42851817549672e-05,
  "dead_features_pct": 0.1332465277777778,
  "dead_features_count": 614,
  "total_latents": 4608,
  "eval_dataset": "datablations/c4-filter-small",
  "model": "HuggingFaceTB/SmolLM2-135M",
  "layer": 25,
  "sae_train_dataset": "lmsys",
  "sae_token_size": "50M",
  "sae_expansion_factor": 8,
  "sae_k_value": 64,
  "sae_checkpoint_name": "smollm2-sparsify-lmsys-50M-token-6_25-layers-8-expansion-64-k/layers.25"
}