{
  "explained_variance": 0.9976114116158121,
  "fraction_var_unexplained": 0.0023885883841878587,
  "mse": 4.8764935852715245,
  "cosine_similarity": 0.9512995931305409,
  "activation_sparsity_l0": 0.002083272038182313,
  "weight_sparsity": 3.268771615694277e-05,
  "dead_features_pct": 0.17819010416666667,
  "dead_features_count": 5474,
  "total_latents": 30720,
  "eval_dataset": "GAIR/lima",
  "model": "HuggingFaceTB/SmolLM2-360M",
  "layer": 6,
  "sae_train_dataset": "INS",
  "sae_token_size": "50M",
  "sae_expansion_factor": 32,
  "sae_k_value": 64,
  "sae_checkpoint_name": "smollm2#360M-sparsify-INS-50M-token-6_25-layers-32-expansion-64-k/layers.6"
}