{
  "explained_variance": 0.943232520209927,
  "fraction_var_unexplained": 0.05676747979007303,
  "mse": 1.0242335080980507,
  "cosine_similarity": 0.9709728690967488,
  "activation_sparsity_l0": 0.0034722215192961783,
  "weight_sparsity": 2.9387298127403483e-05,
  "dead_features_pct": 0.04562717013888889,
  "dead_features_count": 841,
  "total_latents": 18432,
  "eval_dataset": "GAIR/lima",
  "model": "HuggingFaceTB/SmolLM2-135M",
  "layer": 6,
  "sae_train_dataset": "EQ",
  "sae_token_size": "50M",
  "sae_expansion_factor": 32,
  "sae_k_value": 64,
  "sae_checkpoint_name": "smollm2-sparsify-EQ-50M-token-6_25-layers-32-expansion-64-k/layers.6"
}