{
  "explained_variance": 0.9074942079261425,
  "fraction_var_unexplained": 0.0925057920738575,
  "mse": 1.8165714466565448,
  "cosine_similarity": 0.9505608108692182,
  "activation_sparsity_l0": 0.0034722007937815747,
  "weight_sparsity": 3.767602174775675e-05,
  "dead_features_pct": 0.06526692708333333,
  "dead_features_count": 1203,
  "total_latents": 18432,
  "eval_dataset": "datablations/c4-filter-small",
  "model": "HuggingFaceTB/SmolLM2-135M",
  "layer": 6,
  "sae_train_dataset": "lmsys",
  "sae_token_size": "249M",
  "sae_expansion_factor": 32,
  "sae_k_value": 64,
  "sae_checkpoint_name": "smollm2-sparsify-lmsys-249M-token-6_25-layers-32-expansion-64-k/layers.6"
}