{
  "explained_variance": 0.9534304008228741,
  "fraction_var_unexplained": 0.046569599177125935,
  "mse": 162.2956102393053,
  "cosine_similarity": 0.8406057256640087,
  "activation_sparsity_l0": 0.013888888888888888,
  "weight_sparsity": 0.0002000596869038418,
  "dead_features_pct": 0.1391059027777778,
  "dead_features_count": 641,
  "total_latents": 4608,
  "eval_dataset": "datablations/c4-filter-small",
  "model": "HuggingFaceTB/SmolLM2-135M",
  "layer": 25,
  "sae_train_dataset": "EQ",
  "sae_token_size": "419M",
  "sae_expansion_factor": 8,
  "sae_k_value": 64,
  "sae_checkpoint_name": "smollm2-sparsify-EQ-419M-token-6_25-layers-8-expansion-64-k/layers.25"
}