{
  "explained_variance": 0.9801208780431886,
  "fraction_var_unexplained": 0.019879121956811435,
  "mse": 59.25423170914608,
  "cosine_similarity": 0.9464432837474038,
  "activation_sparsity_l0": 0.013888888888888888,
  "weight_sparsity": 3.42851817549672e-05,
  "dead_features_pct": 0.11783854166666667,
  "dead_features_count": 543,
  "total_latents": 4608,
  "eval_dataset": "GAIR/lima",
  "model": "HuggingFaceTB/SmolLM2-135M",
  "layer": 25,
  "sae_train_dataset": "lmsys",
  "sae_token_size": "50M",
  "sae_expansion_factor": 8,
  "sae_k_value": 64,
  "sae_checkpoint_name": "smollm2-sparsify-lmsys-50M-token-6_25-layers-8-expansion-64-k/layers.25"
}