{
  "explained_variance": 0.8699266663969338,
  "fraction_var_unexplained": 0.13007333360306614,
  "mse": 2.5542995578710035,
  "cosine_similarity": 0.9278534347869203,
  "activation_sparsity_l0": 0.013888888888888888,
  "weight_sparsity": 5.123938899487257e-05,
  "dead_features_pct": 0.019097222222222224,
  "dead_features_count": 88,
  "total_latents": 4608,
  "eval_dataset": "datablations/c4-filter-small",
  "model": "HuggingFaceTB/SmolLM2-135M",
  "layer": 6,
  "sae_train_dataset": "INS",
  "sae_token_size": "124M",
  "sae_expansion_factor": 8,
  "sae_k_value": 64,
  "sae_checkpoint_name": "smollm2-sparsify-INS-124M-token-6_25-layers-8-expansion-64-k/layers.6"
}