{
  "explained_variance": 0.9975036257564114,
  "fraction_var_unexplained": 0.0024963742435886033,
  "mse": 5.096547009055306,
  "cosine_similarity": 0.9456350813849632,
  "activation_sparsity_l0": 0.002083273162863983,
  "weight_sparsity": 3.156873935949989e-05,
  "dead_features_pct": 0.17835286458333333,
  "dead_features_count": 5479,
  "total_latents": 30720,
  "eval_dataset": "GAIR/lima",
  "model": "HuggingFaceTB/SmolLM2-360M",
  "layer": 6,
  "sae_train_dataset": "EQ",
  "sae_token_size": "50M",
  "sae_expansion_factor": 32,
  "sae_k_value": 64,
  "sae_checkpoint_name": "smollm2#360M-sparsify-EQ-50M-token-6_25-layers-32-expansion-64-k/layers.6"
}