{
  "explained_variance": 0.9800111701326505,
  "fraction_var_unexplained": 0.019988829867349497,
  "mse": 59.58124101898742,
  "cosine_similarity": 0.9512927527650021,
  "activation_sparsity_l0": 0.006944444444444444,
  "weight_sparsity": 3.9183061744552106e-05,
  "dead_features_pct": 0.1587456597222222,
  "dead_features_count": 1463,
  "total_latents": 9216,
  "eval_dataset": "GAIR/lima",
  "model": "HuggingFaceTB/SmolLM2-135M",
  "layer": 25,
  "sae_train_dataset": "PRE",
  "sae_token_size": "124M",
  "sae_expansion_factor": 16,
  "sae_k_value": 64,
  "sae_checkpoint_name": "smollm2-sparsify-PRE-124M-token-6_25-layers-16-expansion-64-k/layers.25"
}