{
  "explained_variance": 0.9167027135992986,
  "fraction_var_unexplained": 0.08329728640070147,
  "mse": 283.38542149080524,
  "cosine_similarity": 0.7332873030389611,
  "activation_sparsity_l0": 0.01388589892568997,
  "weight_sparsity": 0.00014316888700705022,
  "dead_features_pct": 0.11176215277777778,
  "dead_features_count": 515,
  "total_latents": 4608,
  "eval_dataset": "datablations/c4-filter-small",
  "model": "HuggingFaceTB/SmolLM2-135M",
  "layer": 18,
  "sae_train_dataset": "lmsys",
  "sae_token_size": "50M",
  "sae_expansion_factor": 8,
  "sae_k_value": 64,
  "sae_checkpoint_name": "smollm2-sparsify-lmsys-50M-token-18-layers-8-expansion-64-k/layers.18"
}