{
  "explained_variance": 0.9798428300438975,
  "fraction_var_unexplained": 0.02015716995610254,
  "mse": 60.08301683416587,
  "cosine_similarity": 0.9539693131831608,
  "activation_sparsity_l0": 0.003472222222222222,
  "weight_sparsity": 3.6263172660255805e-05,
  "dead_features_pct": 0.1496853298611111,
  "dead_features_count": 2759,
  "total_latents": 18432,
  "eval_dataset": "GAIR/lima",
  "model": "HuggingFaceTB/SmolLM2-135M",
  "layer": 25,
  "sae_train_dataset": "lmsys",
  "sae_token_size": "249M",
  "sae_expansion_factor": 32,
  "sae_k_value": 64,
  "sae_checkpoint_name": "smollm2-sparsify-lmsys-249M-token-6_25-layers-32-expansion-64-k/layers.25"
}