{
  "explained_variance": 0.9401883098744143,
  "fraction_var_unexplained": 0.05981169012558577,
  "mse": 1.1745449233239293,
  "cosine_similarity": 0.9672696374589415,
  "activation_sparsity_l0": 0.0034722063596103144,
  "weight_sparsity": 2.8162827220512554e-05,
  "dead_features_pct": 0.06966145833333333,
  "dead_features_count": 1284,
  "total_latents": 18432,
  "eval_dataset": "datablations/c4-filter-small",
  "model": "HuggingFaceTB/SmolLM2-135M",
  "layer": 6,
  "sae_train_dataset": "INS",
  "sae_token_size": "50M",
  "sae_expansion_factor": 32,
  "sae_k_value": 64,
  "sae_checkpoint_name": "smollm2-sparsify-INS-50M-token-6_25-layers-32-expansion-64-k/layers.6"
}