{
  "explained_variance": 0.8777998773289198,
  "fraction_var_unexplained": 0.12220012267108012,
  "mse": 2.3996903182557054,
  "cosine_similarity": 0.932791997872226,
  "activation_sparsity_l0": 0.0034720903120810933,
  "weight_sparsity": 4.652988718589768e-05,
  "dead_features_pct": 0.06510416666666667,
  "dead_features_count": 1200,
  "total_latents": 18432,
  "eval_dataset": "datablations/c4-filter-small",
  "model": "HuggingFaceTB/SmolLM2-135M",
  "layer": 6,
  "sae_train_dataset": "lmsys",
  "sae_token_size": "419M",
  "sae_expansion_factor": 32,
  "sae_k_value": 64,
  "sae_checkpoint_name": "smollm2-sparsify-lmsys-419M-token-6_25-layers-32-expansion-64-k/layers.6"
}