{
  "explained_variance": 0.9057405888030664,
  "fraction_var_unexplained": 0.0942594111969336,
  "mse": 1.7006858109345666,
  "cosine_similarity": 0.9519910041966009,
  "activation_sparsity_l0": 0.013888887951654164,
  "weight_sparsity": 3.466194175416604e-05,
  "dead_features_pct": 0.018663194444444444,
  "dead_features_count": 86,
  "total_latents": 4608,
  "eval_dataset": "GAIR/lima",
  "model": "HuggingFaceTB/SmolLM2-135M",
  "layer": 6,
  "sae_train_dataset": "EQ",
  "sae_token_size": "50M",
  "sae_expansion_factor": 8,
  "sae_k_value": 64,
  "sae_checkpoint_name": "smollm2-sparsify-EQ-50M-token-6_25-layers-8-expansion-64-k/layers.6"
}