{
  "explained_variance": 0.8793727237439741,
  "fraction_var_unexplained": 0.12062727625602593,
  "mse": 2.176430921170249,
  "cosine_similarity": 0.9380824108530749,
  "activation_sparsity_l0": 0.0034721292016757577,
  "weight_sparsity": 4.652988718589768e-05,
  "dead_features_pct": 0.048828125,
  "dead_features_count": 900,
  "total_latents": 18432,
  "eval_dataset": "GAIR/lima",
  "model": "HuggingFaceTB/SmolLM2-135M",
  "layer": 6,
  "sae_train_dataset": "lmsys",
  "sae_token_size": "419M",
  "sae_expansion_factor": 32,
  "sae_k_value": 64,
  "sae_checkpoint_name": "smollm2-sparsify-lmsys-419M-token-6_25-layers-32-expansion-64-k/layers.6"
}