{
  "explained_variance": 0.9143951625865097,
  "fraction_var_unexplained": 0.08560483741349029,
  "mse": 1.5445347099857507,
  "cosine_similarity": 0.9574889257706815,
  "activation_sparsity_l0": 0.0034721697370776175,
  "weight_sparsity": 3.5792221751762554e-05,
  "dead_features_pct": 0.047797309027777776,
  "dead_features_count": 881,
  "total_latents": 18432,
  "eval_dataset": "GAIR/lima",
  "model": "HuggingFaceTB/SmolLM2-135M",
  "layer": 6,
  "sae_train_dataset": "INS",
  "sae_token_size": "249M",
  "sae_expansion_factor": 32,
  "sae_k_value": 64,
  "sae_checkpoint_name": "smollm2-sparsify-INS-249M-token-6_25-layers-32-expansion-64-k/layers.6"
}