{
  "explained_variance": 0.9620658217455096,
  "fraction_var_unexplained": 0.03793417825449038,
  "mse": 113.07142201104334,
  "cosine_similarity": 0.8916033363608148,
  "activation_sparsity_l0": 0.006944444444444444,
  "weight_sparsity": 0.00040407534106634557,
  "dead_features_pct": 0.14680989583333334,
  "dead_features_count": 1353,
  "total_latents": 9216,
  "eval_dataset": "GAIR/lima",
  "model": "HuggingFaceTB/SmolLM2-135M",
  "layer": 25,
  "sae_train_dataset": "EQ",
  "sae_token_size": "419M",
  "sae_expansion_factor": 16,
  "sae_k_value": 64,
  "sae_checkpoint_name": "smollm2-sparsify-EQ-419M-token-6_25-layers-16-expansion-64-k/layers.25"
}