{
  "explained_variance": 0.9311515846076814,
  "fraction_var_unexplained": 0.0688484153923186,
  "mse": 1.2422048570037394,
  "cosine_similarity": 0.965326441459139,
  "activation_sparsity_l0": 0.0034721901219328883,
  "weight_sparsity": 3.0517578125e-05,
  "dead_features_pct": 0.04660373263888889,
  "dead_features_count": 859,
  "total_latents": 18432,
  "eval_dataset": "GAIR/lima",
  "model": "HuggingFaceTB/SmolLM2-135M",
  "layer": 6,
  "sae_train_dataset": "lmsys",
  "sae_token_size": "124M",
  "sae_expansion_factor": 32,
  "sae_k_value": 64,
  "sae_checkpoint_name": "smollm2#360M-sparsify-lmsys-124M-token-6_25-layers-32-expansion-64-k/layers.6"
}