{
  "explained_variance": 0.9776457812687793,
  "fraction_var_unexplained": 0.022354218731220645,
  "mse": 77.90471969937764,
  "cosine_similarity": 0.9344520590906805,
  "activation_sparsity_l0": 0.006944444444444444,
  "weight_sparsity": 5.444185444503091e-05,
  "dead_features_pct": 0.17578125,
  "dead_features_count": 1620,
  "total_latents": 9216,
  "eval_dataset": "datablations/c4-filter-small",
  "model": "HuggingFaceTB/SmolLM2-135M",
  "layer": 25,
  "sae_train_dataset": "EQ",
  "sae_token_size": "249M",
  "sae_expansion_factor": 16,
  "sae_k_value": 64,
  "sae_checkpoint_name": "smollm2-sparsify-EQ-249M-token-6_25-layers-16-expansion-64-k/layers.25"
}