{
  "explained_variance": 0.7920238588165449,
  "fraction_var_unexplained": 0.20797614118345503,
  "mse": 4.084106640133763,
  "cosine_similarity": 0.8768895037429139,
  "activation_sparsity_l0": 0.006944435539118461,
  "weight_sparsity": 0.00023020050139166415,
  "dead_features_pct": 0.03591579861111111,
  "dead_features_count": 331,
  "total_latents": 9216,
  "eval_dataset": "datablations/c4-filter-small",
  "model": "HuggingFaceTB/SmolLM2-135M",
  "layer": 6,
  "sae_train_dataset": "PRE",
  "sae_token_size": "419M",
  "sae_expansion_factor": 16,
  "sae_k_value": 64,
  "sae_checkpoint_name": "smollm2-sparsify-PRE-419M-token-6_25-layers-16-expansion-64-k/layers.6"
}