{
  "explained_variance": 0.9045904419861373,
  "fraction_var_unexplained": 0.09540955801386275,
  "mse": 1.7214374615889112,
  "cosine_similarity": 0.9515841371107584,
  "activation_sparsity_l0": 0.013888888888888888,
  "weight_sparsity": 3.692250174935907e-05,
  "dead_features_pct": 0.016059027777777776,
  "dead_features_count": 74,
  "total_latents": 4608,
  "eval_dataset": "GAIR/lima",
  "model": "HuggingFaceTB/SmolLM2-135M",
  "layer": 6,
  "sae_train_dataset": "PRE",
  "sae_token_size": "50M",
  "sae_expansion_factor": 8,
  "sae_k_value": 64,
  "sae_checkpoint_name": "smollm2-sparsify-PRE-50M-token-6_25-layers-8-expansion-64-k/layers.6"
}