{
  "explained_variance": 0.8800857791505019,
  "fraction_var_unexplained": 0.11991422084949815,
  "mse": 2.354801194171123,
  "cosine_similarity": 0.9371423452081798,
  "activation_sparsity_l0": 0.0034721854877525406,
  "weight_sparsity": 5.2840623538941145e-05,
  "dead_features_pct": 0.0646701388888889,
  "dead_features_count": 1192,
  "total_latents": 18432,
  "eval_dataset": "datablations/c4-filter-small",
  "model": "HuggingFaceTB/SmolLM2-135M",
  "layer": 6,
  "sae_train_dataset": "PRE",
  "sae_token_size": "419M",
  "sae_expansion_factor": 32,
  "sae_k_value": 64,
  "sae_checkpoint_name": "smollm2-sparsify-PRE-419M-token-6_25-layers-32-expansion-64-k/layers.6"
}