{
  "explained_variance": 0.9849604461788192,
  "fraction_var_unexplained": 0.015039553821180843,
  "mse": 52.41302498335265,
  "cosine_similarity": 0.9601386646230355,
  "activation_sparsity_l0": 0.006944444444444444,
  "weight_sparsity": 2.9387298127403483e-05,
  "dead_features_pct": 0.18033854166666666,
  "dead_features_count": 1662,
  "total_latents": 9216,
  "eval_dataset": "datablations/c4-filter-small",
  "model": "HuggingFaceTB/SmolLM2-135M",
  "layer": 25,
  "sae_train_dataset": "PRE",
  "sae_token_size": "50M",
  "sae_expansion_factor": 16,
  "sae_k_value": 64,
  "sae_checkpoint_name": "smollm2-sparsify-PRE-50M-token-6_25-layers-16-expansion-64-k/layers.25"
}