{
  "explained_variance": 0.9242341843831744,
  "fraction_var_unexplained": 0.07576581561682558,
  "mse": 1.3670130752695777,
  "cosine_similarity": 0.9614418759108854,
  "activation_sparsity_l0": 0.006944442101357632,
  "weight_sparsity": 2.9764058126602322e-05,
  "dead_features_pct": 0.023111979166666668,
  "dead_features_count": 213,
  "total_latents": 9216,
  "eval_dataset": "GAIR/lima",
  "model": "HuggingFaceTB/SmolLM2-135M",
  "layer": 6,
  "sae_train_dataset": "lmsys",
  "sae_token_size": "50M",
  "sae_expansion_factor": 16,
  "sae_k_value": 64,
  "sae_checkpoint_name": "smollm2-sparsify-lmsys-50M-token-6_25-layers-16-expansion-64-k/layers.6"
}