{
  "explained_variance": 0.9826635825561306,
  "fraction_var_unexplained": 0.017336417443869382,
  "mse": 60.417630650598085,
  "cosine_similarity": 0.9522291513297377,
  "activation_sparsity_l0": 0.003472222222222222,
  "weight_sparsity": 3.569803084246814e-05,
  "dead_features_pct": 0.19563802083333334,
  "dead_features_count": 3606,
  "total_latents": 18432,
  "eval_dataset": "datablations/c4-filter-small",
  "model": "HuggingFaceTB/SmolLM2-135M",
  "layer": 25,
  "sae_train_dataset": "lmsys",
  "sae_token_size": "249M",
  "sae_expansion_factor": 32,
  "sae_k_value": 64,
  "sae_checkpoint_name": "smollm2#360M-sparsify-lmsys-249M-token-6_25-layers-32-expansion-64-k/layers.25"
}