{
  "explained_variance": 0.867880568064349,
  "fraction_var_unexplained": 0.13211943193565104,
  "mse": 2.3837794060929443,
  "cosine_similarity": 0.9313170523021713,
  "activation_sparsity_l0": 0.013888888888888888,
  "weight_sparsity": 5.123938899487257e-05,
  "dead_features_pct": 0.014973958333333334,
  "dead_features_count": 69,
  "total_latents": 4608,
  "eval_dataset": "GAIR/lima",
  "model": "HuggingFaceTB/SmolLM2-135M",
  "layer": 6,
  "sae_train_dataset": "INS",
  "sae_token_size": "124M",
  "sae_expansion_factor": 8,
  "sae_k_value": 64,
  "sae_checkpoint_name": "smollm2-sparsify-INS-124M-token-6_25-layers-8-expansion-64-k/layers.6"
}