{
  "explained_variance": 0.9640566792589208,
  "fraction_var_unexplained": 0.03594332074107915,
  "mse": 107.13721965261661,
  "cosine_similarity": 0.8912239934142235,
  "activation_sparsity_l0": 0.013888888888888888,
  "weight_sparsity": 0.00037412290112115443,
  "dead_features_pct": 0.11371527777777778,
  "dead_features_count": 524,
  "total_latents": 4608,
  "eval_dataset": "GAIR/lima",
  "model": "HuggingFaceTB/SmolLM2-135M",
  "layer": 25,
  "sae_train_dataset": "lmsys",
  "sae_token_size": "249M",
  "sae_expansion_factor": 8,
  "sae_k_value": 64,
  "sae_checkpoint_name": "smollm2-sparsify-lmsys-249M-token-6_25-layers-8-expansion-64-k/layers.25"
}