{
  "explained_variance": 0.9803039120597713,
  "fraction_var_unexplained": 0.019696087940228736,
  "mse": 68.64110209384292,
  "cosine_similarity": 0.92975676453455,
  "activation_sparsity_l0": 0.013888888888888888,
  "weight_sparsity": 5.2369672630447894e-05,
  "dead_features_pct": 0.14756944444444445,
  "dead_features_count": 680,
  "total_latents": 4608,
  "eval_dataset": "datablations/c4-filter-small",
  "model": "HuggingFaceTB/SmolLM2-135M",
  "layer": 25,
  "sae_train_dataset": "PRE",
  "sae_token_size": "124M",
  "sae_expansion_factor": 8,
  "sae_k_value": 64,
  "sae_checkpoint_name": "smollm2-sparsify-PRE-124M-token-6_25-layers-8-expansion-64-k/layers.25"
}