{
  "explained_variance": 0.9019828290809828,
  "fraction_var_unexplained": 0.09801717091901715,
  "mse": 1.7684856047068498,
  "cosine_similarity": 0.9497705123322355,
  "activation_sparsity_l0": 0.013888886077184713,
  "weight_sparsity": 3.2778138120193034e-05,
  "dead_features_pct": 0.011067708333333334,
  "dead_features_count": 51,
  "total_latents": 4608,
  "eval_dataset": "GAIR/lima",
  "model": "HuggingFaceTB/SmolLM2-135M",
  "layer": 6,
  "sae_train_dataset": "lmsys",
  "sae_token_size": "50M",
  "sae_expansion_factor": 8,
  "sae_k_value": 64,
  "sae_checkpoint_name": "smollm2-sparsify-lmsys-50M-token-6_25-layers-8-expansion-64-k/layers.6"
}