{
  "explained_variance": 0.8614574719969025,
  "fraction_var_unexplained": 0.1385425280030975,
  "mse": 2.4996688245124297,
  "cosine_similarity": 0.9287376847874742,
  "activation_sparsity_l0": 0.006944444444444444,
  "weight_sparsity": 5.594889444182627e-05,
  "dead_features_pct": 0.026475694444444444,
  "dead_features_count": 244,
  "total_latents": 9216,
  "eval_dataset": "GAIR/lima",
  "model": "HuggingFaceTB/SmolLM2-135M",
  "layer": 6,
  "sae_train_dataset": "INS",
  "sae_token_size": "249M",
  "sae_expansion_factor": 16,
  "sae_k_value": 64,
  "sae_checkpoint_name": "smollm2-sparsify-INS-249M-token-6_25-layers-16-expansion-64-k/layers.6"
}