{
  "explained_variance": 0.9694427976488377,
  "fraction_var_unexplained": 0.030557202351162317,
  "mse": 91.08267218405145,
  "cosine_similarity": 0.928333427521277,
  "activation_sparsity_l0": 0.013888888888888888,
  "weight_sparsity": 4.144362537772395e-05,
  "dead_features_pct": 0.12456597222222222,
  "dead_features_count": 574,
  "total_latents": 4608,
  "eval_dataset": "GAIR/lima",
  "model": "HuggingFaceTB/SmolLM2-135M",
  "layer": 25,
  "sae_train_dataset": "EQ",
  "sae_token_size": "124M",
  "sae_expansion_factor": 8,
  "sae_k_value": 64,
  "sae_checkpoint_name": "smollm2-sparsify-EQ-124M-token-6_25-layers-8-expansion-64-k/layers.25"
}