{
  "explained_variance": 0.9962108418635894,
  "fraction_var_unexplained": 0.0037891581364105495,
  "mse": 9.26335101071564,
  "cosine_similarity": 0.9217583137811285,
  "activation_sparsity_l0": 0.002083281738100917,
  "weight_sparsity": 3.685845513246022e-05,
  "dead_features_pct": 0.19088541666666667,
  "dead_features_count": 5864,
  "total_latents": 30720,
  "eval_dataset": "datablations/c4-filter-small",
  "model": "HuggingFaceTB/SmolLM2-360M",
  "layer": 6,
  "sae_train_dataset": "EQ",
  "sae_token_size": "124M",
  "sae_expansion_factor": 32,
  "sae_k_value": 64,
  "sae_checkpoint_name": "smollm2#360M-sparsify-EQ-124M-token-6_25-layers-32-expansion-64-k/layers.6"
}