{
  "explained_variance": 0.9055625200069082,
  "fraction_var_unexplained": 0.09443747999309181,
  "mse": 1.7038986368068156,
  "cosine_similarity": 0.9517278810286465,
  "activation_sparsity_l0": 0.013888888888888888,
  "weight_sparsity": 3.9183061744552106e-05,
  "dead_features_pct": 0.013454861111111112,
  "dead_features_count": 62,
  "total_latents": 4608,
  "eval_dataset": "GAIR/lima",
  "model": "HuggingFaceTB/SmolLM2-135M",
  "layer": 6,
  "sae_train_dataset": "INS",
  "sae_token_size": "50M",
  "sae_expansion_factor": 8,
  "sae_k_value": 64,
  "sae_checkpoint_name": "smollm2-sparsify-INS-50M-token-6_25-layers-8-expansion-64-k/layers.6"
}