{
  "explained_variance": 0.6401007664214429,
  "fraction_var_unexplained": 0.3598992335785571,
  "mse": 7.067478227421639,
  "cosine_similarity": 0.7735555986647749,
  "activation_sparsity_l0": 0.013888888888888888,
  "weight_sparsity": 0.00020533431961666793,
  "dead_features_pct": 0.019097222222222224,
  "dead_features_count": 88,
  "total_latents": 4608,
  "eval_dataset": "datablations/c4-filter-small",
  "model": "HuggingFaceTB/SmolLM2-135M",
  "layer": 6,
  "sae_train_dataset": "INS",
  "sae_token_size": "419M",
  "sae_expansion_factor": 8,
  "sae_k_value": 64,
  "sae_checkpoint_name": "smollm2-sparsify-INS-419M-token-6_25-layers-8-expansion-64-k/layers.6"
}