{
  "explained_variance": 0.9273889342814301,
  "fraction_var_unexplained": 0.0726110657185699,
  "mse": 1.425891133285397,
  "cosine_similarity": 0.960732601860616,
  "activation_sparsity_l0": 0.006944443331278696,
  "weight_sparsity": 3.014081812580116e-05,
  "dead_features_pct": 0.03689236111111111,
  "dead_features_count": 340,
  "total_latents": 9216,
  "eval_dataset": "datablations/c4-filter-small",
  "model": "HuggingFaceTB/SmolLM2-135M",
  "layer": 6,
  "sae_train_dataset": "PRE",
  "sae_token_size": "50M",
  "sae_expansion_factor": 16,
  "sae_k_value": 64,
  "sae_checkpoint_name": "smollm2-sparsify-PRE-50M-token-6_25-layers-16-expansion-64-k/layers.6"
}