{
  "explained_variance": 0.9845997267226656,
  "fraction_var_unexplained": 0.015400273277334382,
  "mse": 45.90400738734186,
  "cosine_similarity": 0.9593448096034356,
  "activation_sparsity_l0": 0.006944444444444444,
  "weight_sparsity": 1.8838010873878375e-05,
  "dead_features_pct": 0.1361762152777778,
  "dead_features_count": 1255,
  "total_latents": 9216,
  "eval_dataset": "GAIR/lima",
  "model": "HuggingFaceTB/SmolLM2-135M",
  "layer": 25,
  "sae_train_dataset": "EQ",
  "sae_token_size": "50M",
  "sae_expansion_factor": 16,
  "sae_k_value": 64,
  "sae_checkpoint_name": "smollm2-sparsify-EQ-50M-token-6_25-layers-16-expansion-64-k/layers.25"
}