{
  "explained_variance": 0.9850876377026709,
  "fraction_var_unexplained": 0.014912362297329111,
  "mse": 33.36235488548892,
  "cosine_similarity": 0.9639486458432138,
  "activation_sparsity_l0": 0.0020833333333333333,
  "weight_sparsity": 3.2891170121729374e-05,
  "dead_features_pct": 0.20065104166666667,
  "dead_features_count": 6164,
  "total_latents": 30720,
  "eval_dataset": "GAIR/lima",
  "model": "HuggingFaceTB/SmolLM2-360M",
  "layer": 25,
  "sae_train_dataset": "INS",
  "sae_token_size": "50M",
  "sae_expansion_factor": 32,
  "sae_k_value": 64,
  "sae_checkpoint_name": "smollm2#360M-sparsify-INS-50M-token-6_25-layers-32-expansion-64-k/layers.25"
}