{
  "explained_variance": 0.9815582834932444,
  "fraction_var_unexplained": 0.018441716506755617,
  "mse": 64.26960264228083,
  "cosine_similarity": 0.9416077043332984,
  "activation_sparsity_l0": 0.003472222222222222,
  "weight_sparsity": 5.8209454437019303e-05,
  "dead_features_pct": 0.18782552083333334,
  "dead_features_count": 3462,
  "total_latents": 18432,
  "eval_dataset": "datablations/c4-filter-small",
  "model": "HuggingFaceTB/SmolLM2-135M",
  "layer": 25,
  "sae_train_dataset": "lmsys",
  "sae_token_size": "419M",
  "sae_expansion_factor": 32,
  "sae_k_value": 64,
  "sae_checkpoint_name": "smollm2-sparsify-lmsys-419M-token-6_25-layers-32-expansion-64-k/layers.25"
}