{
  "explained_variance": 0.8663101985670599,
  "fraction_var_unexplained": 0.13368980143294004,
  "mse": 2.625317513073805,
  "cosine_similarity": 0.9254586717858406,
  "activation_sparsity_l0": 0.006944444444444444,
  "weight_sparsity": 5.5760512623237446e-05,
  "dead_features_pct": 0.03493923611111111,
  "dead_features_count": 322,
  "total_latents": 9216,
  "eval_dataset": "datablations/c4-filter-small",
  "model": "HuggingFaceTB/SmolLM2-135M",
  "layer": 6,
  "sae_train_dataset": "EQ",
  "sae_token_size": "249M",
  "sae_expansion_factor": 16,
  "sae_k_value": 64,
  "sae_checkpoint_name": "smollm2-sparsify-EQ-249M-token-6_25-layers-16-expansion-64-k/layers.6"
}