{
  "explained_variance": 0.6193332877787687,
  "fraction_var_unexplained": 0.38066671222123133,
  "mse": 6.868221092715895,
  "cosine_similarity": 0.7736763487098617,
  "activation_sparsity_l0": 0.013888878579306914,
  "weight_sparsity": 0.000181221665116027,
  "dead_features_pct": 0.016710069444444444,
  "dead_features_count": 77,
  "total_latents": 4608,
  "eval_dataset": "GAIR/lima",
  "model": "HuggingFaceTB/SmolLM2-135M",
  "layer": 6,
  "sae_train_dataset": "EQ",
  "sae_token_size": "419M",
  "sae_expansion_factor": 8,
  "sae_k_value": 64,
  "sae_checkpoint_name": "smollm2-sparsify-EQ-419M-token-6_25-layers-8-expansion-64-k/layers.6"
}