{
  "explained_variance": 0.9764142836810995,
  "fraction_var_unexplained": 0.023585716318900524,
  "mse": 82.19650352471297,
  "cosine_similarity": 0.9469963722125125,
  "activation_sparsity_l0": 0.013888888888888888,
  "weight_sparsity": 3.616898175096139e-05,
  "dead_features_pct": 0.1332465277777778,
  "dead_features_count": 614,
  "total_latents": 4608,
  "eval_dataset": "datablations/c4-filter-small",
  "model": "HuggingFaceTB/SmolLM2-135M",
  "layer": 25,
  "sae_train_dataset": "INS",
  "sae_token_size": "50M",
  "sae_expansion_factor": 8,
  "sae_k_value": 64,
  "sae_checkpoint_name": "smollm2-sparsify-INS-50M-token-6_25-layers-8-expansion-64-k/layers.25"
}