{
  "explained_variance": 0.983371867842461,
  "fraction_var_unexplained": 0.016628132157539013,
  "mse": 57.94923948954976,
  "cosine_similarity": 0.9550550413289354,
  "activation_sparsity_l0": 0.003472222222222222,
  "weight_sparsity": 3.475613266346045e-05,
  "dead_features_pct": 0.1984592013888889,
  "dead_features_count": 3658,
  "total_latents": 18432,
  "eval_dataset": "datablations/c4-filter-small",
  "model": "HuggingFaceTB/SmolLM2-135M",
  "layer": 25,
  "sae_train_dataset": "EQ",
  "sae_token_size": "249M",
  "sae_expansion_factor": 32,
  "sae_k_value": 64,
  "sae_checkpoint_name": "smollm2-sparsify-EQ-249M-token-6_25-layers-32-expansion-64-k/layers.25"
}