{
  "explained_variance": 0.9420811022888477,
  "fraction_var_unexplained": 0.057918897711152315,
  "mse": 1.1373754382849528,
  "cosine_similarity": 0.9683883907433544,
  "activation_sparsity_l0": 0.003472222222222222,
  "weight_sparsity": 2.6561596314422786e-05,
  "dead_features_pct": 0.06792534722222222,
  "dead_features_count": 1252,
  "total_latents": 18432,
  "eval_dataset": "datablations/c4-filter-small",
  "model": "HuggingFaceTB/SmolLM2-135M",
  "layer": 6,
  "sae_train_dataset": "PRE",
  "sae_token_size": "50M",
  "sae_expansion_factor": 32,
  "sae_k_value": 64,
  "sae_checkpoint_name": "smollm2-sparsify-PRE-50M-token-6_25-layers-32-expansion-64-k/layers.6"
}