{
  "explained_variance": 0.9643164492574487,
  "fraction_var_unexplained": 0.035683550742551286,
  "mse": 106.36291625444359,
  "cosine_similarity": 0.9007161194565312,
  "activation_sparsity_l0": 0.006944444444444444,
  "weight_sparsity": 0.00036941340658813715,
  "dead_features_pct": 0.1277126736111111,
  "dead_features_count": 1177,
  "total_latents": 9216,
  "eval_dataset": "GAIR/lima",
  "model": "HuggingFaceTB/SmolLM2-135M",
  "layer": 25,
  "sae_train_dataset": "INS",
  "sae_token_size": "419M",
  "sae_expansion_factor": 16,
  "sae_k_value": 64,
  "sae_checkpoint_name": "smollm2-sparsify-INS-419M-token-6_25-layers-16-expansion-64-k/layers.25"
}