{
  "explained_variance": 0.9860365688543664,
  "fraction_var_unexplained": 0.013963431145633547,
  "mse": 41.62117352847053,
  "cosine_similarity": 0.9644890831366886,
  "activation_sparsity_l0": 0.003472222222222222,
  "weight_sparsity": 2.6373216314823367e-05,
  "dead_features_pct": 0.1365017361111111,
  "dead_features_count": 2516,
  "total_latents": 18432,
  "eval_dataset": "GAIR/lima",
  "model": "HuggingFaceTB/SmolLM2-135M",
  "layer": 25,
  "sae_train_dataset": "EQ",
  "sae_token_size": "50M",
  "sae_expansion_factor": 32,
  "sae_k_value": 64,
  "sae_checkpoint_name": "smollm2-sparsify-EQ-50M-token-6_25-layers-32-expansion-64-k/layers.25"
}