{
  "explained_variance": 0.8621473626276566,
  "fraction_var_unexplained": 0.1378526373723434,
  "mse": 2.487221396802863,
  "cosine_similarity": 0.9280393963395086,
  "activation_sparsity_l0": 0.006944444444444444,
  "weight_sparsity": 5.5760512623237446e-05,
  "dead_features_pct": 0.0263671875,
  "dead_features_count": 243,
  "total_latents": 9216,
  "eval_dataset": "GAIR/lima",
  "model": "HuggingFaceTB/SmolLM2-135M",
  "layer": 6,
  "sae_train_dataset": "EQ",
  "sae_token_size": "249M",
  "sae_expansion_factor": 16,
  "sae_k_value": 64,
  "sae_checkpoint_name": "smollm2-sparsify-EQ-249M-token-6_25-layers-16-expansion-64-k/layers.6"
}