{
  "explained_variance": 0.9957309146339343,
  "fraction_var_unexplained": 0.004269085366065758,
  "mse": 14.523841149194812,
  "cosine_similarity": 0.9170818068213983,
  "activation_sparsity_l0": 0.003472222222222222,
  "weight_sparsity": 6.0375827160896733e-05,
  "dead_features_pct": 0.1689453125,
  "dead_features_count": 3114,
  "total_latents": 18432,
  "eval_dataset": "datablations/c4-filter-small",
  "model": "HuggingFaceTB/SmolLM2-135M",
  "layer": 18,
  "sae_train_dataset": "lmsys",
  "sae_token_size": "419M",
  "sae_expansion_factor": 32,
  "sae_k_value": 64,
  "sae_checkpoint_name": "smollm2-sparsify-lmsys-419M-token-18-layers-32-expansion-64-k/layers.18"
}