{
  "explained_variance": 0.9745772378858418,
  "fraction_var_unexplained": 0.02542276211415817,
  "mse": 56.876515934287504,
  "cosine_similarity": 0.9543638074367716,
  "activation_sparsity_l0": 0.0020833333333333333,
  "weight_sparsity": 4.59798175143078e-05,
  "dead_features_pct": 0.21878255208333333,
  "dead_features_count": 6721,
  "total_latents": 30720,
  "eval_dataset": "GAIR/lima",
  "model": "HuggingFaceTB/SmolLM2-360M",
  "layer": 25,
  "sae_train_dataset": "INS",
  "sae_token_size": "249M",
  "sae_expansion_factor": 32,
  "sae_k_value": 64,
  "sae_checkpoint_name": "smollm2#360M-sparsify-INS-249M-token-6_25-layers-32-expansion-64-k/layers.25"
}