{
  "explained_variance": 0.9800243463491316,
  "fraction_var_unexplained": 0.019975653650868445,
  "mse": 52.88099779916967,
  "cosine_similarity": 0.9619590364015315,
  "activation_sparsity_l0": 0.0020833333333333333,
  "weight_sparsity": 3.757053127628751e-05,
  "dead_features_pct": 0.29928385416666664,
  "dead_features_count": 9194,
  "total_latents": 30720,
  "eval_dataset": "datablations/c4-filter-small",
  "model": "HuggingFaceTB/SmolLM2-360M",
  "layer": 25,
  "sae_train_dataset": "INS",
  "sae_token_size": "124M",
  "sae_expansion_factor": 32,
  "sae_k_value": 64,
  "sae_checkpoint_name": "smollm2#360M-sparsify-INS-124M-token-6_25-layers-32-expansion-64-k/layers.25"
}