{
  "explained_variance": 0.9981347973871211,
  "fraction_var_unexplained": 0.0018652026128789772,
  "mse": 3.807959813062819,
  "cosine_similarity": 0.9514803273686362,
  "activation_sparsity_l0": 0.0020833088715070088,
  "weight_sparsity": 3.224690954084508e-05,
  "dead_features_pct": 0.18356119791666667,
  "dead_features_count": 5639,
  "total_latents": 30720,
  "eval_dataset": "GAIR/lima",
  "model": "HuggingFaceTB/SmolLM2-360M",
  "layer": 6,
  "sae_train_dataset": "PRE",
  "sae_token_size": "50M",
  "sae_expansion_factor": 32,
  "sae_k_value": 64,
  "sae_checkpoint_name": "smollm2#360M-sparsify-PRE-50M-token-6_25-layers-32-expansion-64-k/layers.6"
}