{
  "explained_variance": 0.9068114206874406,
  "fraction_var_unexplained": 0.09318857931255939,
  "mse": 1.82997959953174,
  "cosine_similarity": 0.9493729501013033,
  "activation_sparsity_l0": 0.013888887775723141,
  "weight_sparsity": 3.466194175416604e-05,
  "dead_features_pct": 0.022569444444444444,
  "dead_features_count": 104,
  "total_latents": 4608,
  "eval_dataset": "datablations/c4-filter-small",
  "model": "HuggingFaceTB/SmolLM2-135M",
  "layer": 6,
  "sae_train_dataset": "EQ",
  "sae_token_size": "50M",
  "sae_expansion_factor": 8,
  "sae_k_value": 64,
  "sae_checkpoint_name": "smollm2-sparsify-EQ-50M-token-6_25-layers-8-expansion-64-k/layers.6"
}