{
  "explained_variance": 0.9831764753734837,
  "fraction_var_unexplained": 0.01682352462651625,
  "mse": 37.638060813149956,
  "cosine_similarity": 0.9635651116202865,
  "activation_sparsity_l0": 0.0020833333333333333,
  "weight_sparsity": 3.214518437744118e-05,
  "dead_features_pct": 0.22408854166666667,
  "dead_features_count": 6884,
  "total_latents": 30720,
  "eval_dataset": "GAIR/lima",
  "model": "HuggingFaceTB/SmolLM2-360M",
  "layer": 25,
  "sae_train_dataset": "PRE",
  "sae_token_size": "50M",
  "sae_expansion_factor": 32,
  "sae_k_value": 64,
  "sae_checkpoint_name": "smollm2#360M-sparsify-PRE-50M-token-6_25-layers-32-expansion-64-k/layers.25"
}