{
  "explained_variance": 0.9856793003995091,
  "fraction_var_unexplained": 0.014320699600490918,
  "mse": 37.91079367373827,
  "cosine_similarity": 0.9649020363432821,
  "activation_sparsity_l0": 0.0020833333333333333,
  "weight_sparsity": 3.214518437744118e-05,
  "dead_features_pct": 0.29690755208333336,
  "dead_features_count": 9121,
  "total_latents": 30720,
  "eval_dataset": "datablations/c4-filter-small",
  "model": "HuggingFaceTB/SmolLM2-360M",
  "layer": 25,
  "sae_train_dataset": "PRE",
  "sae_token_size": "50M",
  "sae_expansion_factor": 32,
  "sae_k_value": 64,
  "sae_checkpoint_name": "smollm2#360M-sparsify-PRE-50M-token-6_25-layers-32-expansion-64-k/layers.25"
}