{
  "explained_variance": 0.8661601024278396,
  "fraction_var_unexplained": 0.13383989757216047,
  "mse": 2.41482109688071,
  "cosine_similarity": 0.930391102769129,
  "activation_sparsity_l0": 0.013888888888888888,
  "weight_sparsity": 5.2746432629646733e-05,
  "dead_features_pct": 0.016276041666666668,
  "dead_features_count": 75,
  "total_latents": 4608,
  "eval_dataset": "GAIR/lima",
  "model": "HuggingFaceTB/SmolLM2-135M",
  "layer": 6,
  "sae_train_dataset": "PRE",
  "sae_token_size": "124M",
  "sae_expansion_factor": 8,
  "sae_k_value": 64,
  "sae_checkpoint_name": "smollm2-sparsify-PRE-124M-token-6_25-layers-8-expansion-64-k/layers.6"
}