{
  "explained_variance": 0.9822751084705966,
  "fraction_var_unexplained": 0.017724891529403392,
  "mse": 52.83305932649004,
  "cosine_similarity": 0.9602592828713991,
  "activation_sparsity_l0": 0.003472222222222222,
  "weight_sparsity": 2.8162827220512554e-05,
  "dead_features_pct": 0.16954210069444445,
  "dead_features_count": 3125,
  "total_latents": 18432,
  "eval_dataset": "GAIR/lima",
  "model": "HuggingFaceTB/SmolLM2-135M",
  "layer": 25,
  "sae_train_dataset": "PRE",
  "sae_token_size": "124M",
  "sae_expansion_factor": 32,
  "sae_k_value": 64,
  "sae_checkpoint_name": "smollm2-sparsify-PRE-124M-token-6_25-layers-32-expansion-64-k/layers.25"
}