{
  "explained_variance": 0.970753174217665,
  "fraction_var_unexplained": 0.029246825782334916,
  "mse": 87.17679761855385,
  "cosine_similarity": 0.9445710676100171,
  "activation_sparsity_l0": 0.013888888888888888,
  "weight_sparsity": 3.42851817549672e-05,
  "dead_features_pct": 0.1247829861111111,
  "dead_features_count": 575,
  "total_latents": 4608,
  "eval_dataset": "GAIR/lima",
  "model": "HuggingFaceTB/SmolLM2-135M",
  "layer": 25,
  "sae_train_dataset": "PRE",
  "sae_token_size": "50M",
  "sae_expansion_factor": 8,
  "sae_k_value": 64,
  "sae_checkpoint_name": "smollm2-sparsify-PRE-50M-token-6_25-layers-8-expansion-64-k/layers.25"
}