{
  "explained_variance": 0.8597404269740032,
  "fraction_var_unexplained": 0.14025957302599676,
  "mse": 2.7543306183015677,
  "cosine_similarity": 0.9230274302083362,
  "activation_sparsity_l0": 0.006944443331278696,
  "weight_sparsity": 5.9151356254005805e-05,
  "dead_features_pct": 0.0341796875,
  "dead_features_count": 315,
  "total_latents": 9216,
  "eval_dataset": "datablations/c4-filter-small",
  "model": "HuggingFaceTB/SmolLM2-135M",
  "layer": 6,
  "sae_train_dataset": "lmsys",
  "sae_token_size": "249M",
  "sae_expansion_factor": 16,
  "sae_k_value": 64,
  "sae_checkpoint_name": "smollm2-sparsify-lmsys-249M-token-6_25-layers-16-expansion-64-k/layers.6"
}