{
  "explained_variance": 0.9981548620250316,
  "fraction_var_unexplained": 0.0018451379749684742,
  "mse": 4.5108069154182475,
  "cosine_similarity": 0.9487212829084223,
  "activation_sparsity_l0": 0.002083309789877765,
  "weight_sparsity": 3.224690954084508e-05,
  "dead_features_pct": 0.20159505208333334,
  "dead_features_count": 6193,
  "total_latents": 30720,
  "eval_dataset": "datablations/c4-filter-small",
  "model": "HuggingFaceTB/SmolLM2-360M",
  "layer": 6,
  "sae_train_dataset": "PRE",
  "sae_token_size": "50M",
  "sae_expansion_factor": 32,
  "sae_k_value": 64,
  "sae_checkpoint_name": "smollm2#360M-sparsify-PRE-50M-token-6_25-layers-32-expansion-64-k/layers.6"
}