{
  "explained_variance": 0.8675240254199129,
  "fraction_var_unexplained": 0.13247597458008706,
  "mse": 2.6014811331818604,
  "cosine_similarity": 0.9266994750632661,
  "activation_sparsity_l0": 0.006944444444444444,
  "weight_sparsity": 6.0846778069389984e-05,
  "dead_features_pct": 0.03591579861111111,
  "dead_features_count": 331,
  "total_latents": 9216,
  "eval_dataset": "datablations/c4-filter-small",
  "model": "HuggingFaceTB/SmolLM2-135M",
  "layer": 6,
  "sae_train_dataset": "PRE",
  "sae_token_size": "249M",
  "sae_expansion_factor": 16,
  "sae_k_value": 64,
  "sae_checkpoint_name": "smollm2-sparsify-PRE-249M-token-6_25-layers-16-expansion-64-k/layers.6"
}