{
  "explained_variance": 0.9255951807711995,
  "fraction_var_unexplained": 0.07440481922880048,
  "mse": 1.461115753668337,
  "cosine_similarity": 0.9601343429346881,
  "activation_sparsity_l0": 0.003472221665639348,
  "weight_sparsity": 2.7880256311618723e-05,
  "dead_features_pct": 0.0634765625,
  "dead_features_count": 1170,
  "total_latents": 18432,
  "eval_dataset": "datablations/c4-filter-small",
  "model": "HuggingFaceTB/SmolLM2-135M",
  "layer": 6,
  "sae_train_dataset": "lmsys",
  "sae_token_size": "124M",
  "sae_expansion_factor": 32,
  "sae_k_value": 64,
  "sae_checkpoint_name": "smollm2-sparsify-lmsys-124M-token-6_25-layers-32-expansion-64-k/layers.6"
}