{
  "explained_variance": 0.9391911432838108,
  "fraction_var_unexplained": 0.060808856716189144,
  "mse": 1.097150496519761,
  "cosine_similarity": 0.9687271626327594,
  "activation_sparsity_l0": 0.00347216833122553,
  "weight_sparsity": 2.7503496312419884e-05,
  "dead_features_pct": 0.04774305555555555,
  "dead_features_count": 880,
  "total_latents": 18432,
  "eval_dataset": "GAIR/lima",
  "model": "HuggingFaceTB/SmolLM2-135M",
  "layer": 6,
  "sae_train_dataset": "lmsys",
  "sae_token_size": "50M",
  "sae_expansion_factor": 32,
  "sae_k_value": 64,
  "sae_checkpoint_name": "smollm2-sparsify-lmsys-50M-token-6_25-layers-32-expansion-64-k/layers.6"
}