{
  "explained_variance": 0.9874405698240318,
  "fraction_var_unexplained": 0.012559430175968146,
  "mse": 43.769764410338496,
  "cosine_similarity": 0.9615390209294695,
  "activation_sparsity_l0": 0.003472222222222222,
  "weight_sparsity": 2.496036540833302e-05,
  "dead_features_pct": 0.16552734375,
  "dead_features_count": 3051,
  "total_latents": 18432,
  "eval_dataset": "datablations/c4-filter-small",
  "model": "HuggingFaceTB/SmolLM2-135M",
  "layer": 25,
  "sae_train_dataset": "lmsys",
  "sae_token_size": "50M",
  "sae_expansion_factor": 32,
  "sae_k_value": 64,
  "sae_checkpoint_name": "smollm2-sparsify-lmsys-50M-token-6_25-layers-32-expansion-64-k/layers.25"
}