{
  "explained_variance": 0.9858007213088468,
  "fraction_var_unexplained": 0.01419927869115328,
  "mse": 49.48465610308712,
  "cosine_similarity": 0.961815327879521,
  "activation_sparsity_l0": 0.003472222222222222,
  "weight_sparsity": 2.929310721810907e-05,
  "dead_features_pct": 0.2038845486111111,
  "dead_features_count": 3758,
  "total_latents": 18432,
  "eval_dataset": "datablations/c4-filter-small",
  "model": "HuggingFaceTB/SmolLM2-135M",
  "layer": 25,
  "sae_train_dataset": "EQ",
  "sae_token_size": "124M",
  "sae_expansion_factor": 32,
  "sae_k_value": 64,
  "sae_checkpoint_name": "smollm2-sparsify-EQ-124M-token-6_25-layers-32-expansion-64-k/layers.25"
}