{
  "explained_variance": 0.952399302815181,
  "fraction_var_unexplained": 0.04760069718481899,
  "mse": 165.88899913102827,
  "cosine_similarity": 0.8219450071846618,
  "activation_sparsity_l0": 0.013888888888888888,
  "weight_sparsity": 0.00016615126514807343,
  "dead_features_pct": 0.1267361111111111,
  "dead_features_count": 584,
  "total_latents": 4608,
  "eval_dataset": "datablations/c4-filter-small",
  "model": "HuggingFaceTB/SmolLM2-135M",
  "layer": 25,
  "sae_train_dataset": "lmsys",
  "sae_token_size": "419M",
  "sae_expansion_factor": 8,
  "sae_k_value": 64,
  "sae_checkpoint_name": "smollm2-sparsify-lmsys-419M-token-6_25-layers-8-expansion-64-k/layers.25"
}