{
  "explained_variance": 0.9539085188025207,
  "fraction_var_unexplained": 0.04609148119747925,
  "mse": 137.38611356309875,
  "cosine_similarity": 0.8899097631539186,
  "activation_sparsity_l0": 0.013888878579306914,
  "weight_sparsity": 0.0003918306319974363,
  "dead_features_pct": 0.1252170138888889,
  "dead_features_count": 577,
  "total_latents": 4608,
  "eval_dataset": "GAIR/lima",
  "model": "HuggingFaceTB/SmolLM2-135M",
  "layer": 25,
  "sae_train_dataset": "EQ",
  "sae_token_size": "249M",
  "sae_expansion_factor": 8,
  "sae_k_value": 64,
  "sae_checkpoint_name": "smollm2-sparsify-EQ-249M-token-6_25-layers-8-expansion-64-k/layers.25"
}