{
  "explained_variance": 0.9649883972393918,
  "fraction_var_unexplained": 0.035011602760608225,
  "mse": 104.36002289199784,
  "cosine_similarity": 0.8932104704486061,
  "activation_sparsity_l0": 0.006944444444444444,
  "weight_sparsity": 0.0003856140829157084,
  "dead_features_pct": 0.12630208333333334,
  "dead_features_count": 1164,
  "total_latents": 9216,
  "eval_dataset": "GAIR/lima",
  "model": "HuggingFaceTB/SmolLM2-135M",
  "layer": 25,
  "sae_train_dataset": "lmsys",
  "sae_token_size": "419M",
  "sae_expansion_factor": 16,
  "sae_k_value": 64,
  "sae_checkpoint_name": "smollm2-sparsify-lmsys-419M-token-6_25-layers-16-expansion-64-k/layers.25"
}