{
  "explained_variance": 0.9671204718291028,
  "fraction_var_unexplained": 0.032879528170897246,
  "mse": 114.58554900977622,
  "cosine_similarity": 0.8927383046476323,
  "activation_sparsity_l0": 0.006944444444444444,
  "weight_sparsity": 0.00040407534106634557,
  "dead_features_pct": 0.17513020833333334,
  "dead_features_count": 1614,
  "total_latents": 9216,
  "eval_dataset": "datablations/c4-filter-small",
  "model": "HuggingFaceTB/SmolLM2-135M",
  "layer": 25,
  "sae_train_dataset": "EQ",
  "sae_token_size": "419M",
  "sae_expansion_factor": 16,
  "sae_k_value": 64,
  "sae_checkpoint_name": "smollm2-sparsify-EQ-419M-token-6_25-layers-16-expansion-64-k/layers.25"
}