{
  "explained_variance": 0.9456174432067007,
  "fraction_var_unexplained": 0.054382556793299335,
  "mse": 162.09954484744355,
  "cosine_similarity": 0.9402861168419695,
  "activation_sparsity_l0": 0.003472222222222222,
  "weight_sparsity": 4.6435696276603267e-05,
  "dead_features_pct": 0.1601019965277778,
  "dead_features_count": 2951,
  "total_latents": 18432,
  "eval_dataset": "GAIR/lima",
  "model": "HuggingFaceTB/SmolLM2-135M",
  "layer": 25,
  "sae_train_dataset": "INS",
  "sae_token_size": "419M",
  "sae_expansion_factor": 32,
  "sae_k_value": 64,
  "sae_checkpoint_name": "smollm2-sparsify-INS-419M-token-6_25-layers-32-expansion-64-k/layers.25"
}