{
  "explained_variance": 0.9063946402062708,
  "fraction_var_unexplained": 0.09360535979372922,
  "mse": 1.838164076467113,
  "cosine_similarity": 0.949447542116504,
  "activation_sparsity_l0": 0.013888888888888888,
  "weight_sparsity": 3.692250174935907e-05,
  "dead_features_pct": 0.021267361111111112,
  "dead_features_count": 98,
  "total_latents": 4608,
  "eval_dataset": "datablations/c4-filter-small",
  "model": "HuggingFaceTB/SmolLM2-135M",
  "layer": 6,
  "sae_train_dataset": "PRE",
  "sae_token_size": "50M",
  "sae_expansion_factor": 8,
  "sae_k_value": 64,
  "sae_checkpoint_name": "smollm2-sparsify-PRE-50M-token-6_25-layers-8-expansion-64-k/layers.6"
}