{
  "explained_variance": 0.9268472511802711,
  "fraction_var_unexplained": 0.07315274881972886,
  "mse": 1.4365283705074305,
  "cosine_similarity": 0.9602565124543486,
  "activation_sparsity_l0": 0.006944444444444444,
  "weight_sparsity": 3.0517578125e-05,
  "dead_features_pct": 0.038519965277777776,
  "dead_features_count": 355,
  "total_latents": 9216,
  "eval_dataset": "datablations/c4-filter-small",
  "model": "HuggingFaceTB/SmolLM2-135M",
  "layer": 6,
  "sae_train_dataset": "EQ",
  "sae_token_size": "50M",
  "sae_expansion_factor": 16,
  "sae_k_value": 64,
  "sae_checkpoint_name": "smollm2-sparsify-EQ-50M-token-6_25-layers-16-expansion-64-k/layers.6"
}