{
  "explained_variance": 0.942722748057215,
  "fraction_var_unexplained": 0.05727725194278499,
  "mse": 1.0334311283241677,
  "cosine_similarity": 0.9706371529529425,
  "activation_sparsity_l0": 0.0034722147243444216,
  "weight_sparsity": 2.8162827220512554e-05,
  "dead_features_pct": 0.050130208333333336,
  "dead_features_count": 924,
  "total_latents": 18432,
  "eval_dataset": "GAIR/lima",
  "model": "HuggingFaceTB/SmolLM2-135M",
  "layer": 6,
  "sae_train_dataset": "INS",
  "sae_token_size": "50M",
  "sae_expansion_factor": 32,
  "sae_k_value": 64,
  "sae_checkpoint_name": "smollm2-sparsify-INS-50M-token-6_25-layers-32-expansion-64-k/layers.6"
}