{
  "explained_variance": 0.9766299111491443,
  "fraction_var_unexplained": 0.023370088850855716,
  "mse": 69.65985031131883,
  "cosine_similarity": 0.9277569448129261,
  "activation_sparsity_l0": 0.013888888888888888,
  "weight_sparsity": 5.2369672630447894e-05,
  "dead_features_pct": 0.13194444444444445,
  "dead_features_count": 608,
  "total_latents": 4608,
  "eval_dataset": "GAIR/lima",
  "model": "HuggingFaceTB/SmolLM2-135M",
  "layer": 25,
  "sae_train_dataset": "PRE",
  "sae_token_size": "124M",
  "sae_expansion_factor": 8,
  "sae_k_value": 64,
  "sae_checkpoint_name": "smollm2-sparsify-PRE-124M-token-6_25-layers-8-expansion-64-k/layers.25"
}