{
  "explained_variance": 0.9840277381987367,
  "fraction_var_unexplained": 0.015972261801263363,
  "mse": 55.663523451823785,
  "cosine_similarity": 0.961144638276948,
  "activation_sparsity_l0": 0.003472222222222222,
  "weight_sparsity": 2.8162827220512554e-05,
  "dead_features_pct": 0.21278211805555555,
  "dead_features_count": 3922,
  "total_latents": 18432,
  "eval_dataset": "datablations/c4-filter-small",
  "model": "HuggingFaceTB/SmolLM2-135M",
  "layer": 25,
  "sae_train_dataset": "PRE",
  "sae_token_size": "124M",
  "sae_expansion_factor": 32,
  "sae_k_value": 64,
  "sae_checkpoint_name": "smollm2-sparsify-PRE-124M-token-6_25-layers-32-expansion-64-k/layers.25"
}