{
  "explained_variance": 0.9149698260416943,
  "fraction_var_unexplained": 0.08503017395830575,
  "mse": 1.6697698885013827,
  "cosine_similarity": 0.9546909950179199,
  "activation_sparsity_l0": 0.0034719892922894695,
  "weight_sparsity": 3.475613266346045e-05,
  "dead_features_pct": 0.061089409722222224,
  "dead_features_count": 1126,
  "total_latents": 18432,
  "eval_dataset": "datablations/c4-filter-small",
  "model": "HuggingFaceTB/SmolLM2-135M",
  "layer": 6,
  "sae_train_dataset": "EQ",
  "sae_token_size": "249M",
  "sae_expansion_factor": 32,
  "sae_k_value": 64,
  "sae_checkpoint_name": "smollm2-sparsify-EQ-249M-token-6_25-layers-32-expansion-64-k/layers.6"
}