{
  "explained_variance": 0.9924069359410831,
  "fraction_var_unexplained": 0.007593064058916957,
  "mse": 25.832338023495872,
  "cosine_similarity": 0.9363342606601611,
  "activation_sparsity_l0": 0.003472221665639348,
  "weight_sparsity": 4.163200355833396e-05,
  "dead_features_pct": 0.18131510416666666,
  "dead_features_count": 3342,
  "total_latents": 18432,
  "eval_dataset": "datablations/c4-filter-small",
  "model": "HuggingFaceTB/SmolLM2-135M",
  "layer": 18,
  "sae_train_dataset": "lmsys",
  "sae_token_size": "249M",
  "sae_expansion_factor": 32,
  "sae_k_value": 64,
  "sae_checkpoint_name": "smollm2-sparsify-lmsys-249M-token-18-layers-32-expansion-64-k/layers.18"
}