{
  "explained_variance": 0.8711078159721644,
  "fraction_var_unexplained": 0.12889218402783564,
  "mse": 2.5311048741167026,
  "cosine_similarity": 0.9286818324081361,
  "activation_sparsity_l0": 0.013888888888888888,
  "weight_sparsity": 5.2746432629646733e-05,
  "dead_features_pct": 0.021050347222222224,
  "dead_features_count": 97,
  "total_latents": 4608,
  "eval_dataset": "datablations/c4-filter-small",
  "model": "HuggingFaceTB/SmolLM2-135M",
  "layer": 6,
  "sae_train_dataset": "PRE",
  "sae_token_size": "124M",
  "sae_expansion_factor": 8,
  "sae_k_value": 64,
  "sae_checkpoint_name": "smollm2-sparsify-PRE-124M-token-6_25-layers-8-expansion-64-k/layers.6"
}