{
  "explained_variance": 0.9583644353100336,
  "fraction_var_unexplained": 0.04163556468996644,
  "mse": 145.10044102623954,
  "cosine_similarity": 0.8917865411435885,
  "activation_sparsity_l0": 0.013888888888888888,
  "weight_sparsity": 0.0003918306319974363,
  "dead_features_pct": 0.1408420138888889,
  "dead_features_count": 649,
  "total_latents": 4608,
  "eval_dataset": "datablations/c4-filter-small",
  "model": "HuggingFaceTB/SmolLM2-135M",
  "layer": 25,
  "sae_train_dataset": "EQ",
  "sae_token_size": "249M",
  "sae_expansion_factor": 8,
  "sae_k_value": 64,
  "sae_checkpoint_name": "smollm2-sparsify-EQ-249M-token-6_25-layers-8-expansion-64-k/layers.25"
}