{
  "explained_variance": 0.968809370819199,
  "fraction_var_unexplained": 0.03119062918080097,
  "mse": 108.6997158251768,
  "cosine_similarity": 0.895077128022771,
  "activation_sparsity_l0": 0.013888888888888888,
  "weight_sparsity": 0.0003372004139237106,
  "dead_features_pct": 0.13997395833333334,
  "dead_features_count": 645,
  "total_latents": 4608,
  "eval_dataset": "datablations/c4-filter-small",
  "model": "HuggingFaceTB/SmolLM2-135M",
  "layer": 25,
  "sae_train_dataset": "INS",
  "sae_token_size": "249M",
  "sae_expansion_factor": 8,
  "sae_k_value": 64,
  "sae_checkpoint_name": "smollm2-sparsify-INS-249M-token-6_25-layers-8-expansion-64-k/layers.25"
}