{
  "explained_variance": 0.9112066079974352,
  "fraction_var_unexplained": 0.08879339200256481,
  "mse": 1.6020645574372672,
  "cosine_similarity": 0.9558360212093153,
  "activation_sparsity_l0": 0.0034721887160808003,
  "weight_sparsity": 3.767602174775675e-05,
  "dead_features_pct": 0.047526041666666664,
  "dead_features_count": 876,
  "total_latents": 18432,
  "eval_dataset": "GAIR/lima",
  "model": "HuggingFaceTB/SmolLM2-135M",
  "layer": 6,
  "sae_train_dataset": "lmsys",
  "sae_token_size": "249M",
  "sae_expansion_factor": 32,
  "sae_k_value": 64,
  "sae_checkpoint_name": "smollm2-sparsify-lmsys-249M-token-6_25-layers-32-expansion-64-k/layers.6"
}