{
  "explained_variance": 0.9765599619384403,
  "fraction_var_unexplained": 0.02344003806155971,
  "mse": 81.68881305514716,
  "cosine_similarity": 0.9297507872617046,
  "activation_sparsity_l0": 0.006944444444444444,
  "weight_sparsity": 5.933973443461582e-05,
  "dead_features_pct": 0.1662326388888889,
  "dead_features_count": 1532,
  "total_latents": 9216,
  "eval_dataset": "datablations/c4-filter-small",
  "model": "HuggingFaceTB/SmolLM2-135M",
  "layer": 25,
  "sae_train_dataset": "INS",
  "sae_token_size": "249M",
  "sae_expansion_factor": 16,
  "sae_k_value": 64,
  "sae_checkpoint_name": "smollm2-sparsify-INS-249M-token-6_25-layers-16-expansion-64-k/layers.25"
}