{
  "explained_variance": 0.9495438003903779,
  "fraction_var_unexplained": 0.05045619960962209,
  "mse": 150.3961467376108,
  "cosine_similarity": 0.8542994192036443,
  "activation_sparsity_l0": 0.013888888888888888,
  "weight_sparsity": 0.00018913362873718143,
  "dead_features_pct": 0.1193576388888889,
  "dead_features_count": 550,
  "total_latents": 4608,
  "eval_dataset": "GAIR/lima",
  "model": "HuggingFaceTB/SmolLM2-135M",
  "layer": 25,
  "sae_train_dataset": "INS",
  "sae_token_size": "419M",
  "sae_expansion_factor": 8,
  "sae_k_value": 64,
  "sae_checkpoint_name": "smollm2-sparsify-INS-419M-token-6_25-layers-8-expansion-64-k/layers.25"
}