{
  "explained_variance": 0.9825523275124852,
  "fraction_var_unexplained": 0.017447672487514783,
  "mse": 46.188742883654776,
  "cosine_similarity": 0.9633335414811472,
  "activation_sparsity_l0": 0.0020833333333333333,
  "weight_sparsity": 3.80452474928461e-05,
  "dead_features_pct": 0.29765625,
  "dead_features_count": 9144,
  "total_latents": 30720,
  "eval_dataset": "datablations/c4-filter-small",
  "model": "HuggingFaceTB/SmolLM2-360M",
  "layer": 25,
  "sae_train_dataset": "EQ",
  "sae_token_size": "124M",
  "sae_expansion_factor": 32,
  "sae_k_value": 64,
  "sae_checkpoint_name": "smollm2#360M-sparsify-EQ-124M-token-6_25-layers-32-expansion-64-k/layers.25"
}