{
  "explained_variance": 0.901045577236051,
  "fraction_var_unexplained": 0.09895442276394893,
  "mse": 1.9432056618665532,
  "cosine_similarity": 0.9467001239542493,
  "activation_sparsity_l0": 0.006944444444444444,
  "weight_sparsity": 3.164785812259652e-05,
  "dead_features_pct": 0.03233506944444445,
  "dead_features_count": 298,
  "total_latents": 9216,
  "eval_dataset": "datablations/c4-filter-small",
  "model": "HuggingFaceTB/SmolLM2-135M",
  "layer": 6,
  "sae_train_dataset": "lmsys",
  "sae_token_size": "124M",
  "sae_expansion_factor": 16,
  "sae_k_value": 64,
  "sae_checkpoint_name": "smollm2-sparsify-lmsys-124M-token-6_25-layers-16-expansion-64-k/layers.6"
}