{
  "explained_variance": 0.8776402864208076,
  "fraction_var_unexplained": 0.1223597135791924,
  "mse": 2.2076886124334267,
  "cosine_similarity": 0.939286695565431,
  "activation_sparsity_l0": 0.0034721922307110195,
  "weight_sparsity": 4.916721081826836e-05,
  "dead_features_pct": 0.0498046875,
  "dead_features_count": 918,
  "total_latents": 18432,
  "eval_dataset": "GAIR/lima",
  "model": "HuggingFaceTB/SmolLM2-135M",
  "layer": 6,
  "sae_train_dataset": "INS",
  "sae_token_size": "419M",
  "sae_expansion_factor": 32,
  "sae_k_value": 64,
  "sae_checkpoint_name": "smollm2-sparsify-INS-419M-token-6_25-layers-32-expansion-64-k/layers.6"
}