{
  "explained_variance": 0.9838682491919667,
  "fraction_var_unexplained": 0.01613175080803332,
  "mse": 36.09040503785733,
  "cosine_similarity": 0.9646405693565179,
  "activation_sparsity_l0": 0.0020833333333333333,
  "weight_sparsity": 3.367106182849966e-05,
  "dead_features_pct": 0.20458984375,
  "dead_features_count": 6285,
  "total_latents": 30720,
  "eval_dataset": "GAIR/lima",
  "model": "HuggingFaceTB/SmolLM2-360M",
  "layer": 25,
  "sae_train_dataset": "EQ",
  "sae_token_size": "50M",
  "sae_expansion_factor": 32,
  "sae_k_value": 64,
  "sae_checkpoint_name": "smollm2#360M-sparsify-EQ-50M-token-6_25-layers-32-expansion-64-k/layers.25"
}