{
  "explained_variance": 0.9827461476493718,
  "fraction_var_unexplained": 0.01725385235062812,
  "mse": 60.129881847887525,
  "cosine_similarity": 0.9536119871426384,
  "activation_sparsity_l0": 0.003472222222222222,
  "weight_sparsity": 3.739345265785232e-05,
  "dead_features_pct": 0.20458984375,
  "dead_features_count": 3771,
  "total_latents": 18432,
  "eval_dataset": "datablations/c4-filter-small",
  "model": "HuggingFaceTB/SmolLM2-135M",
  "layer": 25,
  "sae_train_dataset": "PRE",
  "sae_token_size": "249M",
  "sae_expansion_factor": 32,
  "sae_k_value": 64,
  "sae_checkpoint_name": "smollm2-sparsify-PRE-249M-token-6_25-layers-32-expansion-64-k/layers.25"
}