{
  "explained_variance": 0.9860650775832834,
  "fraction_var_unexplained": 0.013934922416716544,
  "mse": 47.40795328561427,
  "cosine_similarity": 0.9425757283804927,
  "activation_sparsity_l0": 0.006944444444444444,
  "weight_sparsity": 2.185209268645849e-05,
  "dead_features_pct": 0.22493489583333334,
  "dead_features_count": 2073,
  "total_latents": 9216,
  "eval_dataset": "datablations/c4-filter-small",
  "model": "HuggingFaceTB/SmolLM2-135M",
  "layer": 18,
  "sae_train_dataset": "lmsys",
  "sae_token_size": "2M",
  "sae_expansion_factor": 16,
  "sae_k_value": 64,
  "sae_checkpoint_name": "smollm2-sparsify-lmsys-2M-token-18-layers-16-expansion-64-k/layers.18"
}