{
  "explained_variance": 0.9880954154029029,
  "fraction_var_unexplained": 0.011904584597097069,
  "mse": 35.48431443048832,
  "cosine_similarity": 0.963906209643897,
  "activation_sparsity_l0": 0.003472222222222222,
  "weight_sparsity": 2.6184836315223947e-05,
  "dead_features_pct": 0.1467013888888889,
  "dead_features_count": 2704,
  "total_latents": 18432,
  "eval_dataset": "GAIR/lima",
  "model": "HuggingFaceTB/SmolLM2-135M",
  "layer": 25,
  "sae_train_dataset": "PRE",
  "sae_token_size": "50M",
  "sae_expansion_factor": 32,
  "sae_k_value": 64,
  "sae_checkpoint_name": "smollm2-sparsify-PRE-50M-token-6_25-layers-32-expansion-64-k/layers.25"
}