{
  "explained_variance": 0.6341219112481086,
  "fraction_var_unexplained": 0.36587808875189143,
  "mse": 7.1848872820125385,
  "cosine_similarity": 0.7692490202034277,
  "activation_sparsity_l0": 0.013888864399242435,
  "weight_sparsity": 0.00021098573051858693,
  "dead_features_pct": 0.020182291666666668,
  "dead_features_count": 93,
  "total_latents": 4608,
  "eval_dataset": "datablations/c4-filter-small",
  "model": "HuggingFaceTB/SmolLM2-135M",
  "layer": 6,
  "sae_train_dataset": "lmsys",
  "sae_token_size": "419M",
  "sae_expansion_factor": 8,
  "sae_k_value": 64,
  "sae_checkpoint_name": "smollm2-sparsify-lmsys-419M-token-6_25-layers-8-expansion-64-k/layers.6"
}