{
  "explained_variance": 0.9963907504965459,
  "fraction_var_unexplained": 0.003609249503454127,
  "mse": 8.8235285602037,
  "cosine_similarity": 0.9259585937573535,
  "activation_sparsity_l0": 0.0020832722205337724,
  "weight_sparsity": 4.4284399336902425e-05,
  "dead_features_pct": 0.18935546875,
  "dead_features_count": 5817,
  "total_latents": 30720,
  "eval_dataset": "datablations/c4-filter-small",
  "model": "HuggingFaceTB/SmolLM2-360M",
  "layer": 6,
  "sae_train_dataset": "INS",
  "sae_token_size": "249M",
  "sae_expansion_factor": 32,
  "sae_k_value": 64,
  "sae_checkpoint_name": "smollm2#360M-sparsify-INS-249M-token-6_25-layers-32-expansion-64-k/layers.6"
}