{
  "explained_variance": 0.983739752408446,
  "fraction_var_unexplained": 0.016260247591553964,
  "mse": 56.66715737612903,
  "cosine_similarity": 0.9589533176022553,
  "activation_sparsity_l0": 0.003472222222222222,
  "weight_sparsity": 2.8539587219711393e-05,
  "dead_features_pct": 0.19775390625,
  "dead_features_count": 3645,
  "total_latents": 18432,
  "eval_dataset": "datablations/c4-filter-small",
  "model": "HuggingFaceTB/SmolLM2-135M",
  "layer": 25,
  "sae_train_dataset": "lmsys",
  "sae_token_size": "124M",
  "sae_expansion_factor": 32,
  "sae_k_value": 64,
  "sae_checkpoint_name": "smollm2-sparsify-lmsys-124M-token-6_25-layers-32-expansion-64-k/layers.25"
}