{
  "explained_variance": 0.9775258336660035,
  "fraction_var_unexplained": 0.022474166333996435,
  "mse": 59.495241618517454,
  "cosine_similarity": 0.9544505379496941,
  "activation_sparsity_l0": 0.0020833333333333333,
  "weight_sparsity": 4.59798175143078e-05,
  "dead_features_pct": 0.29612630208333335,
  "dead_features_count": 9097,
  "total_latents": 30720,
  "eval_dataset": "datablations/c4-filter-small",
  "model": "HuggingFaceTB/SmolLM2-360M",
  "layer": 25,
  "sae_train_dataset": "INS",
  "sae_token_size": "249M",
  "sae_expansion_factor": 32,
  "sae_k_value": 64,
  "sae_checkpoint_name": "smollm2#360M-sparsify-INS-249M-token-6_25-layers-32-expansion-64-k/layers.25"
}