{
  "explained_variance": 0.9468937045836217,
  "fraction_var_unexplained": 0.05310629541637833,
  "mse": 158.29535834897504,
  "cosine_similarity": 0.8390486734068089,
  "activation_sparsity_l0": 0.013888880453776363,
  "weight_sparsity": 0.0002000596869038418,
  "dead_features_pct": 0.1273871527777778,
  "dead_features_count": 587,
  "total_latents": 4608,
  "eval_dataset": "GAIR/lima",
  "model": "HuggingFaceTB/SmolLM2-135M",
  "layer": 25,
  "sae_train_dataset": "EQ",
  "sae_token_size": "419M",
  "sae_expansion_factor": 8,
  "sae_k_value": 64,
  "sae_checkpoint_name": "smollm2-sparsify-EQ-419M-token-6_25-layers-8-expansion-64-k/layers.25"
}