{
  "explained_variance": 0.9961170855357406,
  "fraction_var_unexplained": 0.003882914464259353,
  "mse": 7.927279393329556,
  "cosine_similarity": 0.9242299544614941,
  "activation_sparsity_l0": 0.002083284972021519,
  "weight_sparsity": 3.685845513246022e-05,
  "dead_features_pct": 0.17001953125,
  "dead_features_count": 5223,
  "total_latents": 30720,
  "eval_dataset": "GAIR/lima",
  "model": "HuggingFaceTB/SmolLM2-360M",
  "layer": 6,
  "sae_train_dataset": "EQ",
  "sae_token_size": "124M",
  "sae_expansion_factor": 32,
  "sae_k_value": 64,
  "sae_checkpoint_name": "smollm2#360M-sparsify-EQ-124M-token-6_25-layers-32-expansion-64-k/layers.6"
}