{
  "explained_variance": 0.9086751889497172,
  "fraction_var_unexplained": 0.09132481105028283,
  "mse": 1.79338007281526,
  "cosine_similarity": 0.9508622870481476,
  "activation_sparsity_l0": 0.006944236282449583,
  "weight_sparsity": 3.7487643567146733e-05,
  "dead_features_pct": 0.03732638888888889,
  "dead_features_count": 344,
  "total_latents": 9216,
  "eval_dataset": "datablations/c4-filter-small",
  "model": "HuggingFaceTB/SmolLM2-135M",
  "layer": 6,
  "sae_train_dataset": "PRE",
  "sae_token_size": "124M",
  "sae_expansion_factor": 16,
  "sae_k_value": 64,
  "sae_checkpoint_name": "smollm2-sparsify-PRE-124M-token-6_25-layers-16-expansion-64-k/layers.6"
}