{
  "explained_variance": 0.9797674523373129,
  "fraction_var_unexplained": 0.02023254766268714,
  "mse": 60.30769718480568,
  "cosine_similarity": 0.9443467815339857,
  "activation_sparsity_l0": 0.003472222222222222,
  "weight_sparsity": 5.8209454437019303e-05,
  "dead_features_pct": 0.14659288194444445,
  "dead_features_count": 2702,
  "total_latents": 18432,
  "eval_dataset": "GAIR/lima",
  "model": "HuggingFaceTB/SmolLM2-135M",
  "layer": 25,
  "sae_train_dataset": "lmsys",
  "sae_token_size": "419M",
  "sae_expansion_factor": 32,
  "sae_k_value": 64,
  "sae_checkpoint_name": "smollm2-sparsify-lmsys-419M-token-6_25-layers-32-expansion-64-k/layers.25"
}