{
  "explained_variance": 0.9800316319860973,
  "fraction_var_unexplained": 0.019968368013902622,
  "mse": 44.6737925810174,
  "cosine_similarity": 0.9625515966772559,
  "activation_sparsity_l0": 0.0020833333333333333,
  "weight_sparsity": 3.80452474928461e-05,
  "dead_features_pct": 0.22711588541666666,
  "dead_features_count": 6977,
  "total_latents": 30720,
  "eval_dataset": "GAIR/lima",
  "model": "HuggingFaceTB/SmolLM2-360M",
  "layer": 25,
  "sae_train_dataset": "EQ",
  "sae_token_size": "124M",
  "sae_expansion_factor": 32,
  "sae_k_value": 64,
  "sae_checkpoint_name": "smollm2#360M-sparsify-EQ-124M-token-6_25-layers-32-expansion-64-k/layers.25"
}