{
  "explained_variance": 0.7943132974179354,
  "fraction_var_unexplained": 0.2056867025820645,
  "mse": 4.039148062957982,
  "cosine_similarity": 0.8782039050062815,
  "activation_sparsity_l0": 0.006944294167068475,
  "weight_sparsity": 0.00023811246501281857,
  "dead_features_pct": 0.033528645833333336,
  "dead_features_count": 309,
  "total_latents": 9216,
  "eval_dataset": "datablations/c4-filter-small",
  "model": "HuggingFaceTB/SmolLM2-135M",
  "layer": 6,
  "sae_train_dataset": "EQ",
  "sae_token_size": "419M",
  "sae_expansion_factor": 16,
  "sae_k_value": 64,
  "sae_checkpoint_name": "smollm2-sparsify-EQ-419M-token-6_25-layers-16-expansion-64-k/layers.6"
}