{
  "explained_variance": 0.996178972900939,
  "fraction_var_unexplained": 0.0038210270990609715,
  "mse": 9.341261031028992,
  "cosine_similarity": 0.8992528898033121,
  "activation_sparsity_l0": 0.0020832785655785354,
  "weight_sparsity": 4.445394006324932e-05,
  "dead_features_pct": 0.18466796875,
  "dead_features_count": 5673,
  "total_latents": 30720,
  "eval_dataset": "datablations/c4-filter-small",
  "model": "HuggingFaceTB/SmolLM2-360M",
  "layer": 6,
  "sae_train_dataset": "EQ",
  "sae_token_size": "249M",
  "sae_expansion_factor": 32,
  "sae_k_value": 64,
  "sae_checkpoint_name": "smollm2#360M-sparsify-EQ-249M-token-6_25-layers-32-expansion-64-k/layers.6"
}