{
  "explained_variance": 0.7877239545713582,
  "fraction_var_unexplained": 0.21227604542864176,
  "mse": 3.8300139357706584,
  "cosine_similarity": 0.8845620390020988,
  "activation_sparsity_l0": 0.006944426168367305,
  "weight_sparsity": 0.00023679379955865443,
  "dead_features_pct": 0.023220486111111112,
  "dead_features_count": 214,
  "total_latents": 9216,
  "eval_dataset": "GAIR/lima",
  "model": "HuggingFaceTB/SmolLM2-135M",
  "layer": 6,
  "sae_train_dataset": "lmsys",
  "sae_token_size": "419M",
  "sae_expansion_factor": 16,
  "sae_k_value": 64,
  "sae_checkpoint_name": "smollm2-sparsify-lmsys-419M-token-6_25-layers-16-expansion-64-k/layers.6"
}