{
  "explained_variance": 0.997509999343322,
  "fraction_var_unexplained": 0.002490000656678058,
  "mse": 6.0873020521575185,
  "cosine_similarity": 0.9431520989663449,
  "activation_sparsity_l0": 0.0020832675452376313,
  "weight_sparsity": 3.156873935949989e-05,
  "dead_features_pct": 0.19912109375,
  "dead_features_count": 6117,
  "total_latents": 30720,
  "eval_dataset": "datablations/c4-filter-small",
  "model": "HuggingFaceTB/SmolLM2-360M",
  "layer": 6,
  "sae_train_dataset": "EQ",
  "sae_token_size": "50M",
  "sae_expansion_factor": 32,
  "sae_k_value": 64,
  "sae_checkpoint_name": "smollm2#360M-sparsify-EQ-50M-token-6_25-layers-32-expansion-64-k/layers.6"
}