{
  "explained_variance": 0.9877394977911662,
  "fraction_var_unexplained": 0.01226050220883374,
  "mse": 42.72800285540586,
  "cosine_similarity": 0.9613674778057566,
  "activation_sparsity_l0": 0.003472222222222222,
  "weight_sparsity": 2.496036540833302e-05,
  "dead_features_pct": 0.1606987847222222,
  "dead_features_count": 2962,
  "total_latents": 18432,
  "eval_dataset": "datablations/c4-filter-small",
  "model": "HuggingFaceTB/SmolLM2-135M",
  "layer": 25,
  "sae_train_dataset": "lmsys",
  "sae_token_size": "50M",
  "sae_expansion_factor": 32,
  "sae_k_value": 64,
  "sae_checkpoint_name": "smollm2#360M-sparsify-lmsys-50M-token-6_25-layers-32-expansion-64-k/layers.25"
}