{
  "explained_variance": 0.9856736060836767,
  "fraction_var_unexplained": 0.014326393916323265,
  "mse": 49.927654183470054,
  "cosine_similarity": 0.9601003425117467,
  "activation_sparsity_l0": 0.006944444444444444,
  "weight_sparsity": 3.070595994358882e-05,
  "dead_features_pct": 0.1625434027777778,
  "dead_features_count": 1498,
  "total_latents": 9216,
  "eval_dataset": "datablations/c4-filter-small",
  "model": "HuggingFaceTB/SmolLM2-135M",
  "layer": 25,
  "sae_train_dataset": "INS",
  "sae_token_size": "50M",
  "sae_expansion_factor": 16,
  "sae_k_value": 64,
  "sae_checkpoint_name": "smollm2-sparsify-INS-50M-token-6_25-layers-16-expansion-64-k/layers.25"
}