{
  "explained_variance": 0.9144643929346314,
  "fraction_var_unexplained": 0.08553560706536856,
  "mse": 1.6796952707926032,
  "cosine_similarity": 0.954965959466843,
  "activation_sparsity_l0": 0.0034720157299759826,
  "weight_sparsity": 3.43793690262828e-05,
  "dead_features_pct": 0.0654296875,
  "dead_features_count": 1206,
  "total_latents": 18432,
  "eval_dataset": "datablations/c4-filter-small",
  "model": "HuggingFaceTB/SmolLM2-135M",
  "layer": 6,
  "sae_train_dataset": "PRE",
  "sae_token_size": "249M",
  "sae_expansion_factor": 32,
  "sae_k_value": 64,
  "sae_checkpoint_name": "smollm2-sparsify-PRE-249M-token-6_25-layers-32-expansion-64-k/layers.6"
}