{
  "explained_variance": 0.9069686478772072,
  "fraction_var_unexplained": 0.09303135212279275,
  "mse": 1.678528419796007,
  "cosine_similarity": 0.9529902353762639,
  "activation_sparsity_l0": 0.006944322603930184,
  "weight_sparsity": 3.7487643567146733e-05,
  "dead_features_pct": 0.027994791666666668,
  "dead_features_count": 258,
  "total_latents": 9216,
  "eval_dataset": "GAIR/lima",
  "model": "HuggingFaceTB/SmolLM2-135M",
  "layer": 6,
  "sae_train_dataset": "PRE",
  "sae_token_size": "124M",
  "sae_expansion_factor": 16,
  "sae_k_value": 64,
  "sae_checkpoint_name": "smollm2-sparsify-PRE-124M-token-6_25-layers-16-expansion-64-k/layers.6"
}