{
  "explained_variance": 0.9974472757198505,
  "fraction_var_unexplained": 0.002552724280149556,
  "mse": 6.240642430142074,
  "cosine_similarity": 0.935555682238715,
  "activation_sparsity_l0": 0.0020831327965238453,
  "weight_sparsity": 3.7265355786075816e-05,
  "dead_features_pct": 0.19075520833333334,
  "dead_features_count": 5860,
  "total_latents": 30720,
  "eval_dataset": "datablations/c4-filter-small",
  "model": "HuggingFaceTB/SmolLM2-360M",
  "layer": 6,
  "sae_train_dataset": "PRE",
  "sae_token_size": "124M",
  "sae_expansion_factor": 32,
  "sae_k_value": 64,
  "sae_checkpoint_name": "smollm2#360M-sparsify-PRE-124M-token-6_25-layers-32-expansion-64-k/layers.6"
}