{
  "explained_variance": 0.9831628668641815,
  "fraction_var_unexplained": 0.01683713313581849,
  "mse": 50.186894084911295,
  "cosine_similarity": 0.9592477415266655,
  "activation_sparsity_l0": 0.006944444444444444,
  "weight_sparsity": 2.9387298127403483e-05,
  "dead_features_pct": 0.15125868055555555,
  "dead_features_count": 1394,
  "total_latents": 9216,
  "eval_dataset": "GAIR/lima",
  "model": "HuggingFaceTB/SmolLM2-135M",
  "layer": 25,
  "sae_train_dataset": "PRE",
  "sae_token_size": "50M",
  "sae_expansion_factor": 16,
  "sae_k_value": 64,
  "sae_checkpoint_name": "smollm2-sparsify-PRE-50M-token-6_25-layers-16-expansion-64-k/layers.25"
}