{
  "explained_variance": 0.9730529107482236,
  "fraction_var_unexplained": 0.026947089251776406,
  "mse": 93.91092840752215,
  "cosine_similarity": 0.9456903885162881,
  "activation_sparsity_l0": 0.013888888888888888,
  "weight_sparsity": 3.42851817549672e-05,
  "dead_features_pct": 0.1408420138888889,
  "dead_features_count": 649,
  "total_latents": 4608,
  "eval_dataset": "datablations/c4-filter-small",
  "model": "HuggingFaceTB/SmolLM2-135M",
  "layer": 25,
  "sae_train_dataset": "PRE",
  "sae_token_size": "50M",
  "sae_expansion_factor": 8,
  "sae_k_value": 64,
  "sae_checkpoint_name": "smollm2-sparsify-PRE-50M-token-6_25-layers-8-expansion-64-k/layers.25"
}