{
  "explained_variance": 0.9835838207670105,
  "fraction_var_unexplained": 0.016416179232989516,
  "mse": 43.458099197307234,
  "cosine_similarity": 0.9628767140395871,
  "activation_sparsity_l0": 0.0020833333333333333,
  "weight_sparsity": 3.879123323713429e-05,
  "dead_features_pct": 0.30302734375,
  "dead_features_count": 9309,
  "total_latents": 30720,
  "eval_dataset": "datablations/c4-filter-small",
  "model": "HuggingFaceTB/SmolLM2-360M",
  "layer": 25,
  "sae_train_dataset": "PRE",
  "sae_token_size": "124M",
  "sae_expansion_factor": 32,
  "sae_k_value": 64,
  "sae_checkpoint_name": "smollm2#360M-sparsify-PRE-124M-token-6_25-layers-32-expansion-64-k/layers.25"
}