{
  "explained_variance": 0.9873444981680087,
  "fraction_var_unexplained": 0.012655501831991293,
  "mse": 33.50256147917463,
  "cosine_similarity": 0.9641313676806541,
  "activation_sparsity_l0": 0.002083331997534436,
  "weight_sparsity": 3.2891170121729374e-05,
  "dead_features_pct": 0.28815104166666666,
  "dead_features_count": 8852,
  "total_latents": 30720,
  "eval_dataset": "datablations/c4-filter-small",
  "model": "HuggingFaceTB/SmolLM2-360M",
  "layer": 25,
  "sae_train_dataset": "INS",
  "sae_token_size": "50M",
  "sae_expansion_factor": 32,
  "sae_k_value": 64,
  "sae_checkpoint_name": "smollm2#360M-sparsify-INS-50M-token-6_25-layers-32-expansion-64-k/layers.25"
}