{
  "explained_variance": 0.9835889950997255,
  "fraction_var_unexplained": 0.016411004900274456,
  "mse": 48.916722230158726,
  "cosine_similarity": 0.9587809619255094,
  "activation_sparsity_l0": 0.006944444444444444,
  "weight_sparsity": 2.8633778129005805e-05,
  "dead_features_pct": 0.1222873263888889,
  "dead_features_count": 1127,
  "total_latents": 9216,
  "eval_dataset": "GAIR/lima",
  "model": "HuggingFaceTB/SmolLM2-135M",
  "layer": 25,
  "sae_train_dataset": "lmsys",
  "sae_token_size": "50M",
  "sae_expansion_factor": 16,
  "sae_k_value": 64,
  "sae_checkpoint_name": "smollm2-sparsify-lmsys-50M-token-6_25-layers-16-expansion-64-k/layers.25"
}