{
  "explained_variance": 0.781892695514723,
  "fraction_var_unexplained": 0.21810730448527701,
  "mse": 3.935225069720813,
  "cosine_similarity": 0.8789443211673338,
  "activation_sparsity_l0": 0.006944442101357632,
  "weight_sparsity": 0.00023020050139166415,
  "dead_features_pct": 0.026801215277777776,
  "dead_features_count": 247,
  "total_latents": 9216,
  "eval_dataset": "GAIR/lima",
  "model": "HuggingFaceTB/SmolLM2-135M",
  "layer": 6,
  "sae_train_dataset": "PRE",
  "sae_token_size": "419M",
  "sae_expansion_factor": 16,
  "sae_k_value": 64,
  "sae_checkpoint_name": "smollm2-sparsify-PRE-419M-token-6_25-layers-16-expansion-64-k/layers.6"
}