{
  "explained_variance": 0.7852502137097761,
  "fraction_var_unexplained": 0.21474978629022384,
  "mse": 3.874646677793967,
  "cosine_similarity": 0.88079921055649,
  "activation_sparsity_l0": 0.006944442569974995,
  "weight_sparsity": 0.000249792035901919,
  "dead_features_pct": 0.027452256944444444,
  "dead_features_count": 253,
  "total_latents": 9216,
  "eval_dataset": "GAIR/lima",
  "model": "HuggingFaceTB/SmolLM2-135M",
  "layer": 6,
  "sae_train_dataset": "INS",
  "sae_token_size": "419M",
  "sae_expansion_factor": 16,
  "sae_k_value": 64,
  "sae_checkpoint_name": "smollm2-sparsify-INS-419M-token-6_25-layers-16-expansion-64-k/layers.6"
}