{
  "explained_variance": 0.9874948234942064,
  "fraction_var_unexplained": 0.012505176505793606,
  "mse": 42.54381946926656,
  "cosine_similarity": 0.9279935262864006,
  "activation_sparsity_l0": 0.006944339250281266,
  "weight_sparsity": 3.824116356554441e-05,
  "dead_features_pct": 0.13899739583333334,
  "dead_features_count": 1281,
  "total_latents": 9216,
  "eval_dataset": "datablations/c4-filter-small",
  "model": "HuggingFaceTB/SmolLM2-135M",
  "layer": 18,
  "sae_train_dataset": "lmsys",
  "sae_token_size": "124M",
  "sae_expansion_factor": 16,
  "sae_k_value": 64,
  "sae_checkpoint_name": "smollm2-sparsify-lmsys-124M-token-18-layers-16-expansion-64-k/layers.18"
}