{
  "explained_variance": 0.9812433100214782,
  "fraction_var_unexplained": 0.01875668997852176,
  "mse": 65.36728895937904,
  "cosine_similarity": 0.9513861465109349,
  "activation_sparsity_l0": 0.003472222222222222,
  "weight_sparsity": 3.6263172660255805e-05,
  "dead_features_pct": 0.1933051215277778,
  "dead_features_count": 3563,
  "total_latents": 18432,
  "eval_dataset": "datablations/c4-filter-small",
  "model": "HuggingFaceTB/SmolLM2-135M",
  "layer": 25,
  "sae_train_dataset": "lmsys",
  "sae_token_size": "249M",
  "sae_expansion_factor": 32,
  "sae_k_value": 64,
  "sae_checkpoint_name": "smollm2-sparsify-lmsys-249M-token-6_25-layers-32-expansion-64-k/layers.25"
}