{
  "explained_variance": 0.8637409049972394,
  "fraction_var_unexplained": 0.13625909500276057,
  "mse": 2.4584697330415604,
  "cosine_similarity": 0.92869750996877,
  "activation_sparsity_l0": 0.013888879516541637,
  "weight_sparsity": 4.9732348998077214e-05,
  "dead_features_pct": 0.013237847222222222,
  "dead_features_count": 61,
  "total_latents": 4608,
  "eval_dataset": "GAIR/lima",
  "model": "HuggingFaceTB/SmolLM2-135M",
  "layer": 6,
  "sae_train_dataset": "lmsys",
  "sae_token_size": "124M",
  "sae_expansion_factor": 8,
  "sae_k_value": 64,
  "sae_checkpoint_name": "smollm2-sparsify-lmsys-124M-token-6_25-layers-8-expansion-64-k/layers.6"
}