{
  "explained_variance": 0.9777298296764441,
  "fraction_var_unexplained": 0.022270170323555973,
  "mse": 66.38129367187581,
  "cosine_similarity": 0.9516733550295143,
  "activation_sparsity_l0": 0.006944444444444444,
  "weight_sparsity": 3.7487643567146733e-05,
  "dead_features_pct": 0.15418836805555555,
  "dead_features_count": 1421,
  "total_latents": 9216,
  "eval_dataset": "GAIR/lima",
  "model": "HuggingFaceTB/SmolLM2-135M",
  "layer": 25,
  "sae_train_dataset": "EQ",
  "sae_token_size": "124M",
  "sae_expansion_factor": 16,
  "sae_k_value": 64,
  "sae_checkpoint_name": "smollm2-sparsify-EQ-124M-token-6_25-layers-16-expansion-64-k/layers.25"
}