{
  "explained_variance": 0.913732747823141,
  "fraction_var_unexplained": 0.08626725217685906,
  "mse": 1.6940628643110538,
  "cosine_similarity": 0.9540048497648174,
  "activation_sparsity_l0": 0.003472125376802153,
  "weight_sparsity": 3.5792221751762554e-05,
  "dead_features_pct": 0.06548394097222222,
  "dead_features_count": 1207,
  "total_latents": 18432,
  "eval_dataset": "datablations/c4-filter-small",
  "model": "HuggingFaceTB/SmolLM2-135M",
  "layer": 6,
  "sae_train_dataset": "INS",
  "sae_token_size": "249M",
  "sae_expansion_factor": 32,
  "sae_k_value": 64,
  "sae_checkpoint_name": "smollm2-sparsify-INS-249M-token-6_25-layers-32-expansion-64-k/layers.6"
}