{
  "explained_variance": 0.972332925471711,
  "fraction_var_unexplained": 0.027667074528289027,
  "mse": 96.42008570927375,
  "cosine_similarity": 0.9291314431538584,
  "activation_sparsity_l0": 0.013888888888888888,
  "weight_sparsity": 4.144362537772395e-05,
  "dead_features_pct": 0.1408420138888889,
  "dead_features_count": 649,
  "total_latents": 4608,
  "eval_dataset": "datablations/c4-filter-small",
  "model": "HuggingFaceTB/SmolLM2-135M",
  "layer": 25,
  "sae_train_dataset": "EQ",
  "sae_token_size": "124M",
  "sae_expansion_factor": 8,
  "sae_k_value": 64,
  "sae_checkpoint_name": "smollm2-sparsify-EQ-124M-token-6_25-layers-8-expansion-64-k/layers.25"
}