{
  "explained_variance": 0.9758906849636273,
  "fraction_var_unexplained": 0.024109315036372717,
  "mse": 84.02125131885774,
  "cosine_similarity": 0.9280173694761147,
  "activation_sparsity_l0": 0.013888888888888888,
  "weight_sparsity": 4.822530900128186e-05,
  "dead_features_pct": 0.1351996527777778,
  "dead_features_count": 623,
  "total_latents": 4608,
  "eval_dataset": "datablations/c4-filter-small",
  "model": "HuggingFaceTB/SmolLM2-135M",
  "layer": 25,
  "sae_train_dataset": "INS",
  "sae_token_size": "124M",
  "sae_expansion_factor": 8,
  "sae_k_value": 64,
  "sae_checkpoint_name": "smollm2-sparsify-INS-124M-token-6_25-layers-8-expansion-64-k/layers.25"
}