{
  "explained_variance": 0.9744231803059928,
  "fraction_var_unexplained": 0.02557681969400717,
  "mse": 76.23751209054103,
  "cosine_similarity": 0.9472383388018152,
  "activation_sparsity_l0": 0.013888888888888888,
  "weight_sparsity": 3.616898175096139e-05,
  "dead_features_pct": 0.11284722222222222,
  "dead_features_count": 520,
  "total_latents": 4608,
  "eval_dataset": "GAIR/lima",
  "model": "HuggingFaceTB/SmolLM2-135M",
  "layer": 25,
  "sae_train_dataset": "INS",
  "sae_token_size": "50M",
  "sae_expansion_factor": 8,
  "sae_k_value": 64,
  "sae_checkpoint_name": "smollm2-sparsify-INS-50M-token-6_25-layers-8-expansion-64-k/layers.25"
}