{
  "explained_variance": 0.9741786000636645,
  "fraction_var_unexplained": 0.025821399936335497,
  "mse": 76.96653897522374,
  "cosine_similarity": 0.9305160353010626,
  "activation_sparsity_l0": 0.006944444444444444,
  "weight_sparsity": 7.761260349070653e-05,
  "dead_features_pct": 0.1257595486111111,
  "dead_features_count": 1159,
  "total_latents": 9216,
  "eval_dataset": "GAIR/lima",
  "model": "HuggingFaceTB/SmolLM2-135M",
  "layer": 25,
  "sae_train_dataset": "lmsys",
  "sae_token_size": "249M",
  "sae_expansion_factor": 16,
  "sae_k_value": 64,
  "sae_checkpoint_name": "smollm2-sparsify-lmsys-249M-token-6_25-layers-16-expansion-64-k/layers.25"
}