{
  "explained_variance": 0.7934817835866372,
  "fraction_var_unexplained": 0.20651821641336277,
  "mse": 4.05547681653733,
  "cosine_similarity": 0.8774775141990984,
  "activation_sparsity_l0": 0.006944444444444444,
  "weight_sparsity": 0.000249792035901919,
  "dead_features_pct": 0.03797743055555555,
  "dead_features_count": 350,
  "total_latents": 9216,
  "eval_dataset": "datablations/c4-filter-small",
  "model": "HuggingFaceTB/SmolLM2-135M",
  "layer": 6,
  "sae_train_dataset": "INS",
  "sae_token_size": "419M",
  "sae_expansion_factor": 16,
  "sae_k_value": 64,
  "sae_checkpoint_name": "smollm2-sparsify-INS-419M-token-6_25-layers-16-expansion-64-k/layers.6"
}