{
  "explained_variance": 0.78282284244755,
  "fraction_var_unexplained": 0.21717715755245,
  "mse": 4.264790500478323,
  "cosine_similarity": 0.8696264659080069,
  "activation_sparsity_l0": 0.013888885549391645,
  "weight_sparsity": 0.00047245732275769114,
  "dead_features_pct": 0.021267361111111112,
  "dead_features_count": 98,
  "total_latents": 4608,
  "eval_dataset": "datablations/c4-filter-small",
  "model": "HuggingFaceTB/SmolLM2-135M",
  "layer": 6,
  "sae_train_dataset": "EQ",
  "sae_token_size": "249M",
  "sae_expansion_factor": 8,
  "sae_k_value": 64,
  "sae_checkpoint_name": "smollm2-sparsify-EQ-249M-token-6_25-layers-8-expansion-64-k/layers.6"
}