{
  "explained_variance": 0.9960338516882377,
  "fraction_var_unexplained": 0.003966148311762295,
  "mse": 9.696038710913987,
  "cosine_similarity": 0.910608227072011,
  "activation_sparsity_l0": 0.0020832423320334406,
  "weight_sparsity": 4.465739039005712e-05,
  "dead_features_pct": 0.18763020833333333,
  "dead_features_count": 5764,
  "total_latents": 30720,
  "eval_dataset": "datablations/c4-filter-small",
  "model": "HuggingFaceTB/SmolLM2-360M",
  "layer": 6,
  "sae_train_dataset": "PRE",
  "sae_token_size": "249M",
  "sae_expansion_factor": 32,
  "sae_k_value": 64,
  "sae_checkpoint_name": "smollm2#360M-sparsify-PRE-249M-token-6_25-layers-32-expansion-64-k/layers.6"
}