{
  "explained_variance": 0.9840463954272527,
  "fraction_var_unexplained": 0.015953604572747304,
  "mse": 47.55333681253234,
  "cosine_similarity": 0.9603376944147972,
  "activation_sparsity_l0": 0.006944444444444444,
  "weight_sparsity": 3.070595994358882e-05,
  "dead_features_pct": 0.12760416666666666,
  "dead_features_count": 1176,
  "total_latents": 9216,
  "eval_dataset": "GAIR/lima",
  "model": "HuggingFaceTB/SmolLM2-135M",
  "layer": 25,
  "sae_train_dataset": "INS",
  "sae_token_size": "50M",
  "sae_expansion_factor": 16,
  "sae_k_value": 64,
  "sae_checkpoint_name": "smollm2-sparsify-INS-50M-token-6_25-layers-16-expansion-64-k/layers.25"
}