{
  "explained_variance": 0.9813290063646518,
  "fraction_var_unexplained": 0.018670993635348167,
  "mse": 55.653131235498776,
  "cosine_similarity": 0.9546041201272383,
  "activation_sparsity_l0": 0.003472222222222222,
  "weight_sparsity": 3.475613266346045e-05,
  "dead_features_pct": 0.1531032986111111,
  "dead_features_count": 2822,
  "total_latents": 18432,
  "eval_dataset": "GAIR/lima",
  "model": "HuggingFaceTB/SmolLM2-135M",
  "layer": 25,
  "sae_train_dataset": "EQ",
  "sae_token_size": "249M",
  "sae_expansion_factor": 32,
  "sae_k_value": 64,
  "sae_checkpoint_name": "smollm2-sparsify-EQ-249M-token-6_25-layers-32-expansion-64-k/layers.25"
}