{
  "explained_variance": 0.9758687221738225,
  "fraction_var_unexplained": 0.024131277826177543,
  "mse": 71.9287466949799,
  "cosine_similarity": 0.9478366739346368,
  "activation_sparsity_l0": 0.013888887951654164,
  "weight_sparsity": 3.0517578125e-05,
  "dead_features_pct": 0.1273871527777778,
  "dead_features_count": 587,
  "total_latents": 4608,
  "eval_dataset": "GAIR/lima",
  "model": "HuggingFaceTB/SmolLM2-135M",
  "layer": 25,
  "sae_train_dataset": "EQ",
  "sae_token_size": "50M",
  "sae_expansion_factor": 8,
  "sae_k_value": 64,
  "sae_checkpoint_name": "smollm2-sparsify-EQ-50M-token-6_25-layers-8-expansion-64-k/layers.25"
}