{
  "explained_variance": 0.9917341558341112,
  "fraction_var_unexplained": 0.008265844165888867,
  "mse": 28.121200991584807,
  "cosine_similarity": 0.8608163755330964,
  "activation_sparsity_l0": 0.006944406596809015,
  "weight_sparsity": 0.00017877272330224514,
  "dead_features_pct": 0.1337890625,
  "dead_features_count": 1233,
  "total_latents": 9216,
  "eval_dataset": "datablations/c4-filter-small",
  "model": "HuggingFaceTB/SmolLM2-135M",
  "layer": 18,
  "sae_train_dataset": "lmsys",
  "sae_token_size": "419M",
  "sae_expansion_factor": 16,
  "sae_k_value": 64,
  "sae_checkpoint_name": "smollm2-sparsify-lmsys-419M-token-18-layers-16-expansion-64-k/layers.18"
}