{
  "explained_variance": 0.9274807341110236,
  "fraction_var_unexplained": 0.07251926588897635,
  "mse": 1.3084368441374838,
  "cosine_similarity": 0.9630809181702801,
  "activation_sparsity_l0": 0.006944441164122906,
  "weight_sparsity": 3.0517578125e-05,
  "dead_features_pct": 0.027560763888888888,
  "dead_features_count": 254,
  "total_latents": 9216,
  "eval_dataset": "GAIR/lima",
  "model": "HuggingFaceTB/SmolLM2-135M",
  "layer": 6,
  "sae_train_dataset": "EQ",
  "sae_token_size": "50M",
  "sae_expansion_factor": 16,
  "sae_k_value": 64,
  "sae_checkpoint_name": "smollm2-sparsify-EQ-50M-token-6_25-layers-16-expansion-64-k/layers.6"
}