{
  "explained_variance": 0.6184349345586974,
  "fraction_var_unexplained": 0.38156506544130264,
  "mse": 6.884429729659219,
  "cosine_similarity": 0.7760235051919572,
  "activation_sparsity_l0": 0.013888888888888888,
  "weight_sparsity": 0.00020533431961666793,
  "dead_features_pct": 0.013671875,
  "dead_features_count": 63,
  "total_latents": 4608,
  "eval_dataset": "GAIR/lima",
  "model": "HuggingFaceTB/SmolLM2-135M",
  "layer": 6,
  "sae_train_dataset": "INS",
  "sae_token_size": "419M",
  "sae_expansion_factor": 8,
  "sae_k_value": 64,
  "sae_checkpoint_name": "smollm2-sparsify-INS-419M-token-6_25-layers-8-expansion-64-k/layers.6"
}