{
  "explained_variance": 0.8648433434323579,
  "fraction_var_unexplained": 0.13515665656764206,
  "mse": 2.4385788661219934,
  "cosine_similarity": 0.9301041896420653,
  "activation_sparsity_l0": 0.013888862646316587,
  "weight_sparsity": 5.6137272622436285e-05,
  "dead_features_pct": 0.016276041666666668,
  "dead_features_count": 75,
  "total_latents": 4608,
  "eval_dataset": "GAIR/lima",
  "model": "HuggingFaceTB/SmolLM2-135M",
  "layer": 6,
  "sae_train_dataset": "EQ",
  "sae_token_size": "124M",
  "sae_expansion_factor": 8,
  "sae_k_value": 64,
  "sae_checkpoint_name": "smollm2-sparsify-EQ-124M-token-6_25-layers-8-expansion-64-k/layers.6"
}