{
  "explained_variance": 0.9051995908214395,
  "fraction_var_unexplained": 0.09480040917856049,
  "mse": 1.8616317160728113,
  "cosine_similarity": 0.948316510791051,
  "activation_sparsity_l0": 0.013888888888888888,
  "weight_sparsity": 3.9183061744552106e-05,
  "dead_features_pct": 0.018229166666666668,
  "dead_features_count": 84,
  "total_latents": 4608,
  "eval_dataset": "datablations/c4-filter-small",
  "model": "HuggingFaceTB/SmolLM2-135M",
  "layer": 6,
  "sae_train_dataset": "INS",
  "sae_token_size": "50M",
  "sae_expansion_factor": 8,
  "sae_k_value": 64,
  "sae_checkpoint_name": "smollm2-sparsify-INS-50M-token-6_25-layers-8-expansion-64-k/layers.6"
}