{
  "explained_variance": 0.635784676400243,
  "fraction_var_unexplained": 0.364215323599757,
  "mse": 7.152234929871699,
  "cosine_similarity": 0.7677643698729558,
  "activation_sparsity_l0": 0.013888580541976715,
  "weight_sparsity": 0.00018461250874679536,
  "dead_features_pct": 0.021267361111111112,
  "dead_features_count": 98,
  "total_latents": 4608,
  "eval_dataset": "datablations/c4-filter-small",
  "model": "HuggingFaceTB/SmolLM2-135M",
  "layer": 6,
  "sae_train_dataset": "PRE",
  "sae_token_size": "419M",
  "sae_expansion_factor": 8,
  "sae_k_value": 64,
  "sae_checkpoint_name": "smollm2-sparsify-PRE-419M-token-6_25-layers-8-expansion-64-k/layers.6"
}