{
  "explained_variance": 0.9976538320891649,
  "fraction_var_unexplained": 0.0023461679108350503,
  "mse": 5.735674285879867,
  "cosine_similarity": 0.9475967083165289,
  "activation_sparsity_l0": 0.002083269381961115,
  "weight_sparsity": 3.268771615694277e-05,
  "dead_features_pct": 0.20032552083333333,
  "dead_features_count": 6154,
  "total_latents": 30720,
  "eval_dataset": "datablations/c4-filter-small",
  "model": "HuggingFaceTB/SmolLM2-360M",
  "layer": 6,
  "sae_train_dataset": "INS",
  "sae_token_size": "50M",
  "sae_expansion_factor": 32,
  "sae_k_value": 64,
  "sae_checkpoint_name": "smollm2#360M-sparsify-INS-50M-token-6_25-layers-32-expansion-64-k/layers.6"
}