{
  "explained_variance": 0.9842809040209991,
  "fraction_var_unexplained": 0.015719095979000848,
  "mse": 46.85433076076469,
  "cosine_similarity": 0.9615524523441399,
  "activation_sparsity_l0": 0.003472222222222222,
  "weight_sparsity": 2.929310721810907e-05,
  "dead_features_pct": 0.1552734375,
  "dead_features_count": 2862,
  "total_latents": 18432,
  "eval_dataset": "GAIR/lima",
  "model": "HuggingFaceTB/SmolLM2-135M",
  "layer": 25,
  "sae_train_dataset": "EQ",
  "sae_token_size": "124M",
  "sae_expansion_factor": 32,
  "sae_k_value": 64,
  "sae_checkpoint_name": "smollm2-sparsify-EQ-124M-token-6_25-layers-32-expansion-64-k/layers.25"
}