{
  "explained_variance": 0.7799919961985717,
  "fraction_var_unexplained": 0.2200080038014282,
  "mse": 3.9695186465295818,
  "cosine_similarity": 0.8772506104759289,
  "activation_sparsity_l0": 0.013888845776091535,
  "weight_sparsity": 0.000368094741133973,
  "dead_features_pct": 0.014973958333333334,
  "dead_features_count": 69,
  "total_latents": 4608,
  "eval_dataset": "GAIR/lima",
  "model": "HuggingFaceTB/SmolLM2-135M",
  "layer": 6,
  "sae_train_dataset": "lmsys",
  "sae_token_size": "249M",
  "sae_expansion_factor": 8,
  "sae_k_value": 64,
  "sae_checkpoint_name": "smollm2-sparsify-lmsys-249M-token-6_25-layers-8-expansion-64-k/layers.6"
}