{
  "explained_variance": 0.791836968230889,
  "fraction_var_unexplained": 0.20816303176911094,
  "mse": 4.087776681694841,
  "cosine_similarity": 0.8790164045716488,
  "activation_sparsity_l0": 0.006944413275803502,
  "weight_sparsity": 0.00023679379955865443,
  "dead_features_pct": 0.03428819444444445,
  "dead_features_count": 316,
  "total_latents": 9216,
  "eval_dataset": "datablations/c4-filter-small",
  "model": "HuggingFaceTB/SmolLM2-135M",
  "layer": 6,
  "sae_train_dataset": "lmsys",
  "sae_token_size": "419M",
  "sae_expansion_factor": 16,
  "sae_k_value": 64,
  "sae_checkpoint_name": "smollm2-sparsify-lmsys-419M-token-6_25-layers-16-expansion-64-k/layers.6"
}