{
  "explained_variance": 0.9273122999695951,
  "fraction_var_unexplained": 0.07268770003040487,
  "mse": 1.3114758356903373,
  "cosine_similarity": 0.9630960264947279,
  "activation_sparsity_l0": 0.006944444444444444,
  "weight_sparsity": 2.9575678127002902e-05,
  "dead_features_pct": 0.0263671875,
  "dead_features_count": 243,
  "total_latents": 9216,
  "eval_dataset": "GAIR/lima",
  "model": "HuggingFaceTB/SmolLM2-135M",
  "layer": 6,
  "sae_train_dataset": "INS",
  "sae_token_size": "50M",
  "sae_expansion_factor": 16,
  "sae_k_value": 64,
  "sae_checkpoint_name": "smollm2-sparsify-INS-50M-token-6_25-layers-16-expansion-64-k/layers.6"
}