{
  "explained_variance": 0.8821448385041096,
  "fraction_var_unexplained": 0.1178551614958904,
  "mse": 2.3143666619663876,
  "cosine_similarity": 0.9374940921228204,
  "activation_sparsity_l0": 0.003471824822050214,
  "weight_sparsity": 4.8978828999679536e-05,
  "dead_features_pct": 0.06391059027777778,
  "dead_features_count": 1178,
  "total_latents": 18432,
  "eval_dataset": "datablations/c4-filter-small",
  "model": "HuggingFaceTB/SmolLM2-135M",
  "layer": 6,
  "sae_train_dataset": "EQ",
  "sae_token_size": "419M",
  "sae_expansion_factor": 32,
  "sae_k_value": 64,
  "sae_checkpoint_name": "smollm2-sparsify-EQ-419M-token-6_25-layers-32-expansion-64-k/layers.6"
}