{
  "explained_variance": 0.9822470267480246,
  "fraction_var_unexplained": 0.017752973251975408,
  "mse": 61.86932416001158,
  "cosine_similarity": 0.9547106136180633,
  "activation_sparsity_l0": 0.003472222222222222,
  "weight_sparsity": 3.824116356554441e-05,
  "dead_features_pct": 0.2123480902777778,
  "dead_features_count": 3914,
  "total_latents": 18432,
  "eval_dataset": "datablations/c4-filter-small",
  "model": "HuggingFaceTB/SmolLM2-135M",
  "layer": 25,
  "sae_train_dataset": "INS",
  "sae_token_size": "249M",
  "sae_expansion_factor": 32,
  "sae_k_value": 64,
  "sae_checkpoint_name": "smollm2-sparsify-INS-249M-token-6_25-layers-32-expansion-64-k/layers.25"
}