{
  "explained_variance": 0.9336369848495598,
  "fraction_var_unexplained": 0.06636301515044014,
  "mse": 1.1973620119627995,
  "cosine_similarity": 0.966801581983537,
  "activation_sparsity_l0": 0.003472126858588945,
  "weight_sparsity": 2.9104727218509652e-05,
  "dead_features_pct": 0.050238715277777776,
  "dead_features_count": 926,
  "total_latents": 18432,
  "eval_dataset": "GAIR/lima",
  "model": "HuggingFaceTB/SmolLM2-135M",
  "layer": 6,
  "sae_train_dataset": "INS",
  "sae_token_size": "124M",
  "sae_expansion_factor": 32,
  "sae_k_value": 64,
  "sae_checkpoint_name": "smollm2-sparsify-INS-124M-token-6_25-layers-32-expansion-64-k/layers.6"
}