{
  "explained_variance": 0.9736926036904088,
  "fraction_var_unexplained": 0.026307396309591186,
  "mse": 78.4151613929171,
  "cosine_similarity": 0.9277385225647532,
  "activation_sparsity_l0": 0.013888887951654164,
  "weight_sparsity": 5.1992912631249055e-05,
  "dead_features_pct": 0.1130642361111111,
  "dead_features_count": 521,
  "total_latents": 4608,
  "eval_dataset": "GAIR/lima",
  "model": "HuggingFaceTB/SmolLM2-135M",
  "layer": 25,
  "sae_train_dataset": "lmsys",
  "sae_token_size": "124M",
  "sae_expansion_factor": 8,
  "sae_k_value": 64,
  "sae_checkpoint_name": "smollm2-sparsify-lmsys-124M-token-6_25-layers-8-expansion-64-k/layers.25"
}