{
  "explained_variance": 0.9555610885544403,
  "fraction_var_unexplained": 0.04443891144555972,
  "mse": 154.87013800561274,
  "cosine_similarity": 0.8554794302084018,
  "activation_sparsity_l0": 0.013888888888888888,
  "weight_sparsity": 0.00018913362873718143,
  "dead_features_pct": 0.13346354166666666,
  "dead_features_count": 615,
  "total_latents": 4608,
  "eval_dataset": "datablations/c4-filter-small",
  "model": "HuggingFaceTB/SmolLM2-135M",
  "layer": 25,
  "sae_train_dataset": "INS",
  "sae_token_size": "419M",
  "sae_expansion_factor": 8,
  "sae_k_value": 64,
  "sae_checkpoint_name": "smollm2-sparsify-INS-419M-token-6_25-layers-8-expansion-64-k/layers.25"
}