{
  "explained_variance": 0.941602523622863,
  "fraction_var_unexplained": 0.058397476377136985,
  "mse": 1.1467734696959224,
  "cosine_similarity": 0.9681191523378814,
  "activation_sparsity_l0": 0.003472222222222222,
  "weight_sparsity": 2.9387298127403483e-05,
  "dead_features_pct": 0.0637478298611111,
  "dead_features_count": 1175,
  "total_latents": 18432,
  "eval_dataset": "datablations/c4-filter-small",
  "model": "HuggingFaceTB/SmolLM2-135M",
  "layer": 6,
  "sae_train_dataset": "EQ",
  "sae_token_size": "50M",
  "sae_expansion_factor": 32,
  "sae_k_value": 64,
  "sae_checkpoint_name": "smollm2-sparsify-EQ-50M-token-6_25-layers-32-expansion-64-k/layers.6"
}