{
  "explained_variance": 0.974651035042556,
  "fraction_var_unexplained": 0.02534896495744403,
  "mse": 75.55833936924725,
  "cosine_similarity": 0.9335872577607297,
  "activation_sparsity_l0": 0.006944444444444444,
  "weight_sparsity": 5.444185444503091e-05,
  "dead_features_pct": 0.14659288194444445,
  "dead_features_count": 1351,
  "total_latents": 9216,
  "eval_dataset": "GAIR/lima",
  "model": "HuggingFaceTB/SmolLM2-135M",
  "layer": 25,
  "sae_train_dataset": "EQ",
  "sae_token_size": "249M",
  "sae_expansion_factor": 16,
  "sae_k_value": 64,
  "sae_checkpoint_name": "smollm2-sparsify-EQ-249M-token-6_25-layers-16-expansion-64-k/layers.25"
}