{
  "context_length": 330.7242618741977,
  "ngram_diversity": 0.6315338949890696,
  "compression_ratio": 3.2743277414404535,
  "refusal_rate": 0.046983311938382545,
  "type_token_ratio": 0.07845852763336544
}