{
  "context_length": 524.6992,
  "ngram_diversity": 0.7716304138211805,
  "compression_ratio": 2.773084624835846,
  "refusal_rate": 0.0234,
  "type_token_ratio": 0.08278495564696878
}