{
  "context_length": 566.6432,
  "ngram_diversity": 0.7969546077947985,
  "compression_ratio": 2.6786542229115122,
  "refusal_rate": 0.0126,
  "type_token_ratio": 0.08423572364408502
}