{
  "context_length": 433.9236,
  "ngram_diversity": 0.7041652736733996,
  "compression_ratio": 2.971006478186675,
  "refusal_rate": 0.0314,
  "type_token_ratio": 0.08124056861622644
}