{
  "context_length": 715.321,
  "ngram_diversity": 0.8207477419002104,
  "compression_ratio": 2.601975201403035,
  "refusal_rate": 0.001,
  "type_token_ratio": 0.08008432577821706
}